,Power,Var2,Var3,Eta
last_value,198.2989333333333,0.09667781333333336,26.780815000000004,0.7656165401239619
MaxScala,360.0,0.11,40.0,100.0
Media,193.44055932473745,0.0954,27.0,0.746858741296891
Dev,3.849478546206586,0.016155494421403512,0.7071067811865476,0.014862533026710372
