,Power,Var2,Var3,Eta
last_value,203.714475,0.09976852750000001,26.680347500000003,0.7650298525990367
MaxScala,360.0,0.11,40.0,100.0
Media,200.21317057178064,0.0954,27.0,0.7518810451290471
Dev,3.5745672290774335,0.016155494421403512,0.7071067811865476,0.013423938776890822
