,Power,Var2,Var3,Eta
last_value,180.04152499999998,0.08291112749999999,27.27053875,0.7959901276802602
MaxScala,360.0,0.11,40.0,100.0
Media,172.74396816354508,0.0954,27.0,0.7637265529410232
Dev,5.113266015576137,0.016155494421403512,0.7071067811865476,0.02260650296425553
