,Power,Var2,Var3,Eta
last_value,85.61613666666666,0.039323569999999995,28.319881666666667,0.768515783913088
MaxScala,360.0,0.11,40.0,100.0
Media,20.492794794033266,0.0954,27.0,0.18394939165525526
Dev,0.4306797770215895,0.016155494421403512,0.7071067811865476,0.003865909153807035
