,Power,Var2,Var3,Eta
last_value,204.72715,0.0959432775,26.93114,0.792041049128107
MaxScala,360.0,0.11,40.0,100.0
Media,192.63413925554303,0.0954,27.0,0.7452560432451202
Dev,6.430916170613306,0.016155494421403512,0.7071067811865476,0.024879697639650974
