,Power,Var2,Var3,Eta
last_value,204.684325,0.094596265,27.02884875,0.8002479776862355
MaxScala,360.0,0.11,40.0,100.0
Media,190.61870122414433,0.0954,27.0,0.7452560432451202
Dev,6.363632598360325,0.016155494421403512,0.7071067811865476,0.024879697639650974
