,Power,Var2,Var3,Eta
last_value,199.41515,0.0981359925,26.61893875,0.763098554685254
MaxScala,360.0,0.11,40.0,100.0
Media,197.10154341971807,0.0954,27.0,0.7542451158290613
Dev,4.075704600042707,0.016155494421403512,0.7071067811865476,0.01559642930648263
