,Power,Var2,Var3,Eta
last_value,204.560825,0.097553605,26.860273750000005,0.7803873960573572
MaxScala,360.0,0.11,40.0,100.0
Media,192.63693335300601,0.0954,27.0,0.7348984577268253
Dev,4.017646721559521,0.016155494421403512,0.7071067811865476,0.015327083586587081
