,Power,Var2,Var3,Eta
last_value,195.73565,0.09101712499999999,27.040192500000003,0.7950209584097669
MaxScala,360.0,0.11,40.0,100.0
Media,184.99986739151953,0.0954,27.0,0.7514153496273451
Dev,5.236839666175268,0.016155494421403512,0.7071067811865476,0.02127051096946798
