,Power,Var2,Var3,Eta
last_value,187.976375,0.0865667,27.19059125,0.7983168469769806
MaxScala,360.0,0.11,40.0,100.0
Media,180.90802163872561,0.0954,27.0,0.7682982578394271
Dev,3.5724415425103344,0.016155494421403512,0.7071067811865476,0.015171801606592483
