,Power,Var2,Var3,Eta
last_value,197.98517500000003,0.09142367,27.08698625,0.7991988879252565
MaxScala,360.0,0.11,40.0,100.0
Media,186.1477809107881,0.0954,27.0,0.7514153496273451
Dev,5.269333954608038,0.016155494421403512,0.7071067811865476,0.02127051096946798
