,Power,Var2,Var3,Eta
last_value,200.5088,0.09828816,26.71539166666667,0.7633298130080363
MaxScala,360.0,0.11,40.0,100.0
Media,198.12246358462872,0.0954,27.0,0.7542451158290613
Dev,4.09681538862513,0.016155494421403512,0.7071067811865476,0.01559642930648263
