,Power,Var2,Var3,Eta
last_value,206.105425,0.094843425,27.00952875,0.8042789919216367
MaxScala,360.0,0.11,40.0,100.0
Media,190.98013881956487,0.0954,27.0,0.7452560432451202
Dev,6.375698864942357,0.016155494421403512,0.7071067811865476,0.024879697639650974
