,Power,Var2,Var3,Eta
last_value,195.510225,0.0903034725,27.10107625,0.7985829323572047
MaxScala,360.0,0.11,40.0,100.0
Media,184.79375824166027,0.0954,27.0,0.7548103498828944
Dev,4.01937623051419,0.016155494421403512,0.7071067811865476,0.016417582540303816
