,Power,Var2,Var3,Eta
last_value,201.919875,0.0988090775,26.708260000000003,0.7648533376245954
MaxScala,360.0,0.11,40.0,100.0
Media,199.11932394850174,0.0954,27.0,0.7542451158290613
Dev,4.117428663895052,0.016155494421403512,0.7071067811865476,0.01559642930648263
