,Power,Var2,Var3,Eta
last_value,183.877425,0.084480795,27.291220000000003,0.7972398675240462
MaxScala,360.0,0.11,40.0,100.0
Media,172.36342617189942,0.0954,27.0,0.7473184652617136
Dev,4.636437978271293,0.016155494421403512,0.7071067811865476,0.02010226758168091
