,Power,Var2,Var3,Eta
last_value,204.091775,0.0955581175,26.93977625,0.7925113129210489
MaxScala,360.0,0.11,40.0,100.0
Media,191.92234383981065,0.0954,27.0,0.7452560432451202
Dev,6.407153525700559,0.016155494421403512,0.7071067811865476,0.024879697639650974
