,Power,Var2,Var3,Eta
last_value,205.607575,0.09481082499999999,27.00021625,0.8028889488883507
MaxScala,360.0,0.11,40.0,100.0
Media,190.8486696919681,0.0954,27.0,0.7452560432451202
Dev,6.3713098872571665,0.016155494421403512,0.7071067811865476,0.024879697639650974
