,Power,Var2,Var3,Eta
last_value,201.32495,0.09333759999999999,27.011573750000004,0.7982384070804653
MaxScala,360.0,0.11,40.0,100.0
Media,189.7712155220412,0.0954,27.0,0.7524287118314835
Dev,4.957661085149512,0.016155494421403512,0.7071067811865476,0.0196567563407047
