,Power,Var2,Var3,Eta
last_value,,,,
MaxScala,360.0,0.11,40.0,100.0
Media,,0.0954,27.0,14.736842105263158
Dev,,0.016155494421403512,0.7071067811865476,14.736842105263158
