,Power,Var2,Var3,Eta
last_value,175.0967275,0.08348200499999998,27.2173975,0.7703358325182698
MaxScala,360.0,0.11,40.0,100.0
Media,169.8648980664483,0.0954,27.0,0.7473184652617136
Dev,4.5692295753335435,0.016155494421403512,0.7071067811865476,0.02010226758168091
