,Power,Var2,Var3,Eta
last_value,206.1505,0.094862905,27.0070275,0.8043641818682432
MaxScala,360.0,0.11,40.0,100.0
Media,191.0016748709093,0.0954,27.0,0.7452560432451202
Dev,6.376417826500143,0.016155494421403512,0.7071067811865476,0.024879697639650974
