,Power,Var2,Var3,Eta
last_value,206.2482,0.0948752925,27.01021,0.8045455107538048
MaxScala,360.0,0.11,40.0,100.0
Media,191.04912699645104,0.0954,27.0,0.7452560432451202
Dev,6.378001972709405,0.016155494421403512,0.7071067811865476,0.024879697639650974
