,Power,Var2,Var3,Eta
last_value,201.57766666666663,0.09451606999999998,26.9882,0.789958681185763
MaxScala,360.0,0.11,40.0,100.0
Media,193.32973964963278,0.0954,27.0,0.7576360451684173
Dev,2.868839147684946,0.016155494421403512,0.7071067811865476,0.011242636285629964
