,Power,Var2,Var3,Eta
last_value,205.5350666666667,0.10059969333333332,26.68479333333333,0.765362122275989
MaxScala,359.3,110.0,40.0,100.0
Media,201.91477503021176,95.4,27.0,0.7518810451290471
Dev,3.6049473460127435,16.15549442140351,0.7071067811865476,0.013423938776890822
