,Power,Var2,Var3,Eta
last_value,204.5433,0.09459188000000002,27.029076250000003,0.799726956927263
MaxScala,360.0,0.11,40.0,100.0
Media,190.6114694645264,0.0954,27.0,0.7452560432451202
Dev,6.363391172619026,0.016155494421403512,0.7071067811865476,0.024879697639650974
