QMean,QDev,PMean,PDev,BarMean,BarDev,etaMean,etaDev,Energy,Resa,Availability
0.08819431761363637,0.010111828140863378,189.74872477272723,22.395589920757672,27.17811244318182,0.31173339068613726,0.7818695280940781,0.040487329670131335,2186.9594689638884,459.26148848241655,1.0
