QMean,QDev,PMean,PDev,BarMean,BarDev,etaMean,etaDev,Energy,Resa,Availability
0.09456413949074075,4.205065629501228e-05,204.72439953703704,0.11001314573078044,27.024464560185187,0.004185784855752744,0.8066068773669526,0.0006236015907215903,1912.8083063410495,401.6897443316204,1.0
