QMean,QDev,PMean,PDev,BarMean,BarDev,etaMean,etaDev,Energy,Resa,Availability
0.09121185403225805,0.01040865272845647,198.32082338709674,22.10350995548734,27.10604620967742,0.27529638669032064,0.8060326827191288,0.0035713163618104698,3178.311551248655,667.4454257622176,1.0
