QMean,QDev,PMean,PDev,BarMean,BarDev,etaMean,etaDev,Energy,Resa,Availability
0.09765030823529412,0.003588909923980974,204.02542955882353,7.278749336901423,26.846533014705884,0.09448492599493419,0.7694973787825728,0.013227165390855373,1820.36022150817,382.2756465167157,1.0
