QMean,QDev,PMean,PDev,BarMean,BarDev,etaMean,etaDev,Energy,Resa,Availability
0.09093584470588235,0.01171995234074328,187.73191274509804,23.313969218291383,26.959350098039216,0.3750134034371115,0.789838891582758,0.010958410281401883,1695.167024334695,355.98507511028595,1.0
