QMean,QDev,PMean,PDev,BarMean,BarDev,etaMean,etaDev,Energy,Resa,Availability
0.09134468570175439,0.003083304514346131,196.36784035087723,5.284958771749145,27.01695644736842,0.09862813980619065,0.7987178245323632,0.004935910474071159,1930.023137537525,405.30485888288024,1.0
