QMean,QDev,PMean,PDev,BarMean,BarDev,etaMean,etaDev,Energy,Resa,Availability
0.09069504694444444,0.0035858386060715224,195.1694876984127,6.344123849061666,27.03791696428571,0.11437527055264349,0.7990935094266275,0.004956371696498743,2206.716340910053,463.41043159111115,1.0
