QMean,QDev,PMean,PDev,BarMean,BarDev,etaMean,etaDev,Energy,Resa,Availability
0.09108973941666666,0.010558840623671033,198.05657749999997,22.420661338962873,27.10924075,0.2792812432265864,0.805976962230389,0.003622122703220632,3041.1587475124998,638.6433369776249,1.0
