QMean,QDev,PMean,PDev,BarMean,BarDev,etaMean,etaDev,Energy,Resa,Availability
0.08445195965517241,0.017617641113751307,182.2704670689655,37.505655120139814,27.24815073275862,0.4747170505767043,0.7838518991282284,0.049557645083695354,2728.7407840783044,573.0355646564439,1.0
