QMean,QDev,PMean,PDev,BarMean,BarDev,etaMean,etaDev,Energy,Resa,Availability
0.10008390149122807,0.0021220716617961558,204.49891491228067,4.707337133826584,26.679229451754384,0.05195499903500053,0.7864802275639071,0.0037559850530554276,1959.326825876218,411.4586334340058,1.0
