QMean,QDev,PMean,PDev,BarMean,BarDev,etaMean,etaDev,Energy,Resa,Availability
0.08663576425,0.0015844868259157915,188.33192125,3.171523873927514,27.2167548125,0.057895241456653534,0.7973538449586418,0.001736308843599504,1971.3120712618056,413.97553496497915,1.0
