QMean,QDev,PMean,PDev,BarMean,BarDev,etaMean,etaDev,Energy,Resa,Availability
0.08911102329545455,0.01137691860860136,190.41352765151515,22.954187089408702,27.053923352272726,0.3108107690128616,0.7894858410262633,0.009749754968678985,2172.0365313915195,456.1276715922191,1.0
