QMean,QDev,PMean,PDev,BarMean,BarDev,etaMean,etaDev,Energy,Resa,Availability
0.09456583030701755,4.155298996041273e-05,204.72229035087722,0.10745219354728165,27.024695307017545,0.004190112357969668,0.8065681157320902,0.0006288529153790114,2343.1603476715404,492.06367301102347,1.0
