QMean,QDev,PMean,PDev,BarMean,BarDev,etaMean,etaDev,Energy,Resa,Availability
0.08626137476190478,0.011498574416600571,185.7960742857143,25.000057729956968,27.223225595238098,0.31319080681860295,0.7756714339026265,0.04793232778273415,2053.717551125397,431.2806857363334,1.0
