QMean,QDev,PMean,PDev,BarMean,BarDev,etaMean,etaDev,Energy,Resa,Availability
0.09475587964912281,3.142675587137668e-05,205.29527894736844,0.27727480913958275,27.004253552631578,0.0027249336140860165,0.8070114227853625,0.0006302512363573155,2049.7593073567255,430.4494545449123,1.0
