QMean,QDev,PMean,PDev,BarMean,BarDev,etaMean,etaDev,Energy,Resa,Availability
0.08820033395833334,0.012976091207225095,188.41379500000002,28.455185766436767,27.175657083333334,0.3521711898557428,0.7697172255308676,0.058589524995468475,2316.547609525,486.47499800025,1.0
