QMean,QDev,PMean,PDev,BarMean,BarDev,etaMean,etaDev,Energy,Resa,Availability
0.10022381623737373,0.0024740894963264427,204.87708156565654,5.42566971004454,26.655625025252526,0.05430614125810546,0.7886153262448725,0.003954959047811659,3447.5121797456504,723.9775577465865,1.0
