QMean,QDev,PMean,PDev,BarMean,BarDev,etaMean,etaDev,Energy,Resa,Availability
0.08541159485294117,0.016434091982351257,184.46059764705882,35.03792108047611,27.22526481617647,0.44187619166743086,0.7864121353643234,0.04605542558614195,3241.126417823529,680.6365477429412,1.0
