QMean,QDev,PMean,PDev,BarMean,BarDev,etaMean,etaDev,Energy,Resa,Availability
0.09143473356060605,0.010126401000731537,198.79668636363635,21.50500125533425,27.10005890151516,0.26786288895644145,0.8061009299688063,0.003464438280487401,3358.2834670012626,705.2395280702651,1.0
