QMean,QDev,PMean,PDev,BarMean,BarDev,etaMean,etaDev,Energy,Resa,Availability
0.08668395397727274,0.0113998849698796,186.6276970454546,24.72078455657039,27.21034153409091,0.311634230790548,0.7762923259042325,0.04691664424447553,2132.0659156634474,447.73384228932395,1.0
