QMean,QDev,PMean,PDev,BarMean,BarDev,etaMean,etaDev,Energy,Resa,Availability
0.093334552,0.001547636632325561,200.80133500000002,3.121933663877251,26.982746374999998,0.050459612251563805,0.7967922717544755,0.0018108332195070412,1865.332845852778,391.7198976290834,1.0
