QMean,QDev,PMean,PDev,BarMean,BarDev,etaMean,etaDev,Energy,Resa,Availability
0.08555136278571429,0.016218107723825835,184.77630128571428,34.5827813972274,27.221716571428573,0.4360090918602073,0.7867959191150047,0.04542661593444119,3278.547505812857,688.4949762206999,1.0
