QMean,QDev,PMean,PDev,BarMean,BarDev,etaMean,etaDev,Energy,Resa,Availability
0.08763957550925927,0.018037660443580548,186.75762203703704,37.92274922499478,27.07624157407407,0.46141122824277514,0.7854530154591571,0.02030947463614998,1706.4458942461933,358.3536377917006,1.0
