QMean,QDev,PMean,PDev,BarMean,BarDev,etaMean,etaDev,Energy,Resa,Availability
0.09477420589285714,0.013178823242933398,194.43856279464288,25.722067201455452,26.84551293154762,0.44708843670575193,0.7904346581297564,0.006012905850823001,4666.525507071429,979.9703564850001,1.0
