QMean,QDev,PMean,PDev,BarMean,BarDev,etaMean,etaDev,Energy,Resa,Availability
0.08633690869565216,0.014216484381797444,186.6491710869565,30.350039953802074,27.210138315217392,0.3812340114030885,0.7895015690294173,0.039785373729576474,4479.580106086956,940.7118222782608,1.0
