QMean,QDev,PMean,PDev,BarMean,BarDev,etaMean,etaDev,Energy,Resa,Availability
0.0935032354710145,0.013236364456168775,191.57135700362315,26.30240577534255,26.856862554347824,0.40535779253872045,0.7885904671680574,0.005524915355297575,4597.712568086956,965.5196392982607,1.0
