QMean,QDev,PMean,PDev,BarMean,BarDev,etaMean,etaDev,Energy,Resa,Availability
0.09555830563829786,0.011090921348476833,196.7214809148936,21.57976551129914,26.861428749999998,0.37609920337458413,0.7909117138951252,0.004476901640832378,4721.315541957446,991.4762638110636,1.0
