QMean,QDev,PMean,PDev,BarMean,BarDev,etaMean,etaDev,Energy,Resa,Availability
0.0951207525177305,0.01380655775019131,194.96719040780144,27.946100369292072,26.804701161347516,0.4296226768954008,0.7874390868944695,0.0169573409313447,4679.212569787234,982.6346396553191,1.0
