QMean,QDev,PMean,PDev,BarMean,BarDev,etaMean,etaDev,Energy,Resa,Availability
0.09485713735391836,0.008536524795130698,196.56670802325579,18.554701301938483,26.624110678294574,0.18331795785620658,0.7891029477099757,0.015351704867818911,4717.600992558138,990.6962084372091,1.0
