QMean,QDev,PMean,PDev,BarMean,BarDev,etaMean,etaDev,Energy,Resa,Availability
0.08444897063829787,0.008619968820281293,183.38221042553192,18.635629336224056,27.26214723404255,0.23220703178894006,0.7898803201672866,0.028433408015645135,4401.173050212767,924.246340544681,1.0
