QMean,QDev,PMean,PDev,BarMean,BarDev,etaMean,etaDev,Energy,Resa,Availability
0.09483389017857143,0.013211573462898389,194.61223154464284,25.819088555923738,26.849719806547622,0.44499991013076345,0.7907281169510125,0.006084570881811524,4670.693557071429,980.8456469849999,1.0
