QMean,QDev,PMean,PDev,BarMean,BarDev,etaMean,etaDev,Energy,Resa,Availability
0.08786543304347827,0.008554918404183341,189.14430742753623,16.872916997023626,27.106318396739134,0.24891840232733825,0.7953219773487836,0.009469228484913293,4539.46337826087,953.2873094347826,1.0
