QMean,QDev,PMean,PDev,BarMean,BarDev,etaMean,etaDev,Energy,Resa,Availability
0.08642130367021275,0.014076074893044107,186.83770414893615,30.052646795993553,27.20781784574468,0.37748474805314464,0.7897180736785058,0.03937734066215109,4484.104899574468,941.6620289106381,1.0
