QMean,QDev,PMean,PDev,BarMean,BarDev,etaMean,etaDev,Energy,Resa,Availability
0.09154870979166667,0.014625068569478856,188.37905197916666,29.239648476605502,27.015292517361107,0.4648424585829939,0.7925560075304322,0.024824631497059445,4521.0972475,949.430421975,1.0
