QMean,QDev,PMean,PDev,BarMean,BarDev,etaMean,etaDev,Energy,Resa,Availability
0.10145774171985815,0.0029264599199554497,207.50661613475174,6.323998803383058,26.63550770390072,0.05990533606466889,0.7898347127565365,0.003986847005480559,4980.1587872340415,1045.8333453191487,1.0
