QMean,QDev,PMean,PDev,BarMean,BarDev,etaMean,etaDev,Energy,Resa,Availability
0.09261334015957448,0.005768615151148022,200.6198376595745,12.481385098158519,27.060855381205673,0.14914773728261366,0.8041253141780527,0.008598697246355983,4814.876103829788,1011.1239818042554,1.0
