QMean,QDev,PMean,PDev,BarMean,BarDev,etaMean,etaDev,Energy,Resa,Availability
0.09239020195652174,0.008711005026630183,200.82324456521735,18.49850955854775,27.07628774456521,0.23001398066243298,0.806417506767108,0.0029707004778169385,4819.757869565216,1012.1491526086954,1.0
