QMean,QDev,PMean,PDev,BarMean,BarDev,etaMean,etaDev,Energy,Resa,Availability
0.09244313840425529,0.008625312219352808,200.9242335106383,18.31333884721682,27.075297606382975,0.22764418828271982,0.8063731576183374,0.002933793579295594,4822.181604255319,1012.658136893617,1.0
