QMean,QDev,PMean,PDev,BarMean,BarDev,etaMean,etaDev,Energy,Resa,Availability
0.09590921694444443,0.0033374384094741823,202.45367777777778,6.250362000280662,26.811590000000006,0.029378573141627357,0.7862499406804891,0.004106550727789083,4858.888266666667,1020.366536,0.06382978723404255
