QMean,QDev,PMean,PDev,BarMean,BarDev,etaMean,etaDev,Energy,Resa,Availability
0.09441852438463194,0.014465617532010278,189.85440517361113,29.375171458914807,26.711266840277776,0.44034889939247557,0.7664438498391233,0.034744508824875585,4556.505724166667,956.866202075,1.0
