QMean,QDev,PMean,PDev,BarMean,BarDev,etaMean,etaDev,Energy,Resa,Availability
0.09751110773049644,0.009845549354724124,200.08276715602838,19.32426993219571,26.76770882978723,0.3161095622412056,0.7911129482743121,0.005101572404305562,4801.986411744681,1008.4171464663831,1.0
