QMean,QDev,PMean,PDev,BarMean,BarDev,etaMean,etaDev,Energy,Resa,Availability
0.09199429223404257,0.01141366642024993,190.40944897340427,22.08038667814549,26.924594210992915,0.37219387778328955,0.7894225389753546,0.007744484696795768,4569.826775361702,959.6636228259574,1.0
