QMean,QDev,PMean,PDev,BarMean,BarDev,etaMean,etaDev,Energy,Resa,Availability
0.08934955180851062,0.009365599027718106,192.25307936170208,20.740141290863725,27.15276239361702,0.2536914293050668,0.7846321522204674,0.044556433557585116,4614.07390468085,968.9555199829786,1.0
