QMean,QDev,PMean,PDev,BarMean,BarDev,etaMean,etaDev,Energy,Resa,Availability
0.0974565553191489,0.009620282354159482,200.32869038297866,18.934527798308718,26.795983351063835,0.3178306186085885,0.7907368591442747,0.004254912262271663,4807.8885691914875,1009.6565995302124,1.0
