QMean,QDev,PMean,PDev,BarMean,BarDev,etaMean,etaDev,Energy,Resa,Availability
0.09096366619047618,0.008298294743509875,196.94911930357142,17.9839300926123,27.086134107142858,0.2281084373691157,0.7999998114119791,0.022408658220805837,4726.778863285714,992.6235612899999,0.56
