QMean,QDev,PMean,PDev,BarMean,BarDev,etaMean,etaDev,Energy,Resa,Availability
0.09894068492907801,0.00902376413968327,203.1507321276596,18.03146493576688,26.724839964539008,0.2841982452854244,0.7917569099210588,0.006440866768603575,4875.617571063831,1023.8796899234044,1.0
