QMean,QDev,PMean,PDev,BarMean,BarDev,etaMean,etaDev,Energy,Resa,Availability
0.0937254208,0.01364059068797449,192.7419419966667,26.786440919506585,26.902777200000006,0.44875194002481483,0.7915095658708399,0.0056304873074013795,4625.806607920001,971.4193876632002,1.0
