QMean,QDev,PMean,PDev,BarMean,BarDev,etaMean,etaDev,Energy,Resa,Availability
0.09831498005319146,0.009626772376505726,201.88695833333335,18.99122629790821,26.74003939716312,0.31873567799012387,0.7914853553914282,0.006469172466773723,4845.287,1017.51027,1.0
