QMean,QDev,PMean,PDev,BarMean,BarDev,etaMean,etaDev,Energy,Resa,Availability
0.09297383721153844,0.01346141890065522,190.46533791666667,26.49296176017984,26.93696887820513,0.44848794254623875,0.7901977258316658,0.022748394418662988,4571.1681100000005,959.9453031,1.0
