QMean,QDev,PMean,PDev,BarMean,BarDev,etaMean,etaDev,Energy,Resa,Availability
0.09134252135869565,0.007665468542678625,196.44605532608696,16.802356341082103,27.080257880434782,0.23707416972272508,0.7902481424084471,0.029317480142970517,4714.705327826087,990.0881188434784,1.0
