QMean,QDev,PMean,PDev,BarMean,BarDev,etaMean,etaDev,Energy,Resa,Availability
0.09209981530303031,0.007932277244956864,199.3941275378788,17.482437521054468,27.076268522727275,0.19960309283925076,0.8033992138990514,0.014836239237920303,4785.459060909091,1004.9464027909091,1.0
