QMean,QDev,PMean,PDev,BarMean,BarDev,etaMean,etaDev,Energy,Resa,Availability
0.08626741141843972,0.010809587601364141,186.17515736950352,22.774334736609827,27.1425172429078,0.2842731776303331,0.797643864832119,0.014349965843244453,4468.203776868085,938.3227931422978,1.0
