QMean,QDev,PMean,PDev,BarMean,BarDev,etaMean,etaDev,Energy,Resa,Availability
0.09508223372014836,0.007609994196762643,195.27422059999998,16.800543851007564,26.683202966666666,0.09781388146041273,0.7795425730747748,0.016339853789202174,4686.581294399999,984.1820718239998,1.0
