QMean,QDev,PMean,PDev,BarMean,BarDev,etaMean,etaDev,Energy,Resa,Availability
0.09711899180851065,0.009797372552711299,198.7223396347518,19.014877350010206,26.737414858156026,0.3166410130255997,0.789272819989643,0.004113811565557021,4769.336151234043,1001.5605917591491,1.0
