QMean,QDev,PMean,PDev,BarMean,BarDev,etaMean,etaDev,Energy,Resa,Availability
0.08975835760638298,0.01512151531661773,191.25333930851062,31.48585246626543,27.02479027482269,0.41142994714717235,0.786679954201045,0.021095429300063098,4590.080143404255,963.9168301148935,1.0
