QMean,QDev,PMean,PDev,BarMean,BarDev,etaMean,etaDev,Energy,Resa,Availability
0.08784222351851854,0.007905656055426404,189.5899798148148,16.82126440067242,27.155947453703703,0.23646548781650253,0.787564332730003,0.030027703353551264,4550.159515555555,955.5334982666666,1.0
