QMean,QDev,PMean,PDev,BarMean,BarDev,etaMean,etaDev,Energy,Resa,Availability
0.08611081882246376,0.010929274456542648,185.81454973985507,23.008270725914123,27.14617581521739,0.288053607514702,0.7974124580524176,0.014459752578587377,4459.549193756522,936.5053306888695,1.0
