QMean,QDev,PMean,PDev,BarMean,BarDev,etaMean,etaDev,Energy,Resa,Availability
0.09445808569148938,0.014523592622623998,193.69741790425533,29.454338112189937,26.83534000886525,0.44112945957308214,0.7876308089330827,0.017246061948094003,4648.738029702128,976.2349862374468,1.0
