QMean,QDev,PMean,PDev,BarMean,BarDev,etaMean,etaDev,Energy,Resa,Availability
0.08783568932624113,0.008465823188920248,189.11424911347518,16.693697663719448,27.107850505319153,0.24647523944428126,0.7954891961635447,0.00943635272804791,4538.741978723405,953.135815531915,1.0
