QMean,QDev,PMean,PDev,BarMean,BarDev,etaMean,etaDev,Energy,Resa,Availability
0.09472598015047615,0.008383780005970436,193.03880308510645,17.254343580472163,26.66250908687943,0.1122844979604482,0.7756252480499927,0.015140766214284356,4632.931274042555,972.9155675489365,1.0
