QMean,QDev,PMean,PDev,BarMean,BarDev,etaMean,etaDev,Energy,Resa,Availability
0.10032870851449271,0.008989609980658494,205.46079634057972,17.95538762594781,26.681659692028983,0.2666344699339015,0.7901239535372244,0.008195335896635118,4931.0591121739135,1035.5224135565218,1.0
