QMean,QDev,PMean,PDev,BarMean,BarDev,etaMean,etaDev,Energy,Resa,Availability
0.09501624611702127,0.01477763580561016,195.31295194680845,30.168079428307895,26.851043519503545,0.43226042038901846,0.7898094477857774,0.0176589148826524,4687.510846723403,984.3772778119146,1.0
