QMean,QDev,PMean,PDev,BarMean,BarDev,etaMean,etaDev,Energy,Resa,Availability
0.08921250967391305,0.008271658016924872,192.8126806521739,18.145784491056265,27.139225869565216,0.22737798617336455,0.7891443365547006,0.03467595420799342,4627.504335652174,971.7759104869565,1.0
