QMean,QDev,PMean,PDev,BarMean,BarDev,etaMean,etaDev,Energy,Resa,Availability
0.09407164773550726,0.01105535425518125,193.60291317028987,21.66410316559121,26.877786856884057,0.34481354156979843,0.7891690985120496,0.008994676140404226,4646.469916086957,975.7586823782609,1.0
