QMean,QDev,PMean,PDev,BarMean,BarDev,etaMean,etaDev,Energy,Resa,Availability
0.09244350037234043,0.008625416382388831,200.9452079787234,18.31917431375997,27.074538537234037,0.2278467016542967,0.8064675574621328,0.0029377939537171605,4822.684991489362,1012.763848212766,1.0
