QMean,QDev,PMean,PDev,BarMean,BarDev,etaMean,etaDev,Energy,Resa,Availability
0.09868206703900712,0.007302958055937207,202.27307042553196,14.117160246580308,26.75450753546099,0.24384747218116976,0.7890495705381247,0.005090589523162835,4854.553690212767,1019.456274944681,1.0
