QMean,QDev,PMean,PDev,BarMean,BarDev,etaMean,etaDev,Energy,Resa,Availability
0.08934752260638298,0.008234262890719584,193.05266138297873,18.02534147852077,27.134982260638296,0.2267798726474814,0.7891483093500891,0.034305088306247164,4633.263873191489,972.9854133702128,1.0
