QMean,QDev,PMean,PDev,BarMean,BarDev,etaMean,etaDev,Energy,Resa,Availability
0.0892509670652174,0.008296920257599327,192.84147086956523,18.162598733423042,27.138129483695653,0.22821393290637076,0.7888980134932303,0.03463348214214904,4628.1953008695655,971.9210131826087,1.0
