QMean,QDev,PMean,PDev,BarMean,BarDev,etaMean,etaDev,Energy,Resa,Availability
0.08631400127659575,0.01404518256048812,186.67232755319156,29.99976681865237,27.213424680851066,0.3761268320523347,0.7898122676381444,0.039404374145209364,4480.135861276598,940.8285308680855,1.0
