QMean,QDev,PMean,PDev,BarMean,BarDev,etaMean,etaDev,Energy,Resa,Availability
0.09220775994680852,0.0076865356772173364,199.62351921985808,16.93880928190416,27.065113191489363,0.1971560843250503,0.8036176659107391,0.014356299164232195,4790.964461276594,1006.1025368680847,1.0
