QMean,QDev,PMean,PDev,BarMean,BarDev,etaMean,etaDev,Energy,Resa,Availability
0.09370002791666666,0.0014374262500000262,198.30227083333335,2.62640416666666,26.813139375000002,0.03588104166666639,0.7882314239616869,0.003676521499850094,4759.254500000001,999.4434450000001,0.043478260869565216
