QMean,QDev,PMean,PDev,BarMean,BarDev,etaMean,etaDev,Energy,Resa,Availability
0.09943368675531915,0.002602357981330113,206.7261654787235,4.919933102905879,26.77395813829788,0.08383022532942049,0.768187353805491,0.00830387414968338,4961.427971489364,1041.8998740127663,1.0
