QMean,QDev,PMean,PDev,BarMean,BarDev,etaMean,etaDev,Energy,Resa,Availability
0.0917992680132482,0.008232611163621902,199.210663193019,17.346623227337016,27.06942411638928,0.2391161835046649,0.8052357303613163,0.012195591482098428,73995.9154623216,15539.142247087535,0.9958563535911602
