QMean,QDev,PMean,PDev,BarMean,BarDev,etaMean,etaDev,Energy,Resa,Availability
0.09460379710551314,0.011641024242487422,194.01647490966502,23.31786281426029,26.860613857770456,0.36017259241395155,0.7846396786961781,0.03562752188678702,110971.06421942856,23303.923486079995,1.0
