QMean,QDev,PMean,PDev,BarMean,BarDev,etaMean,etaDev,Energy,Resa,Availability
0.09422725115426636,0.012616330746524577,193.64630309039546,25.35796604153808,26.90675740740741,0.3842819149712273,0.7814943159067302,0.037869262536872436,101139.20489724416,21239.233028421273,1.0
