QMean,QDev,PMean,PDev,BarMean,BarDev,etaMean,etaDev,Energy,Resa,Availability
0.09457986146663709,0.011358110498743659,194.16856850136386,22.8287848547185,26.85814103518822,0.35702393521086356,0.7856338098879043,0.03464546017515516,114920.2314032229,24133.24859467681,1.0
