QMean,QDev,PMean,PDev,BarMean,BarDev,etaMean,etaDev,Energy,Resa,Availability
0.08118720646585281,0.009771747233286162,176.2633193302018,21.461703433836014,27.364354902139873,0.2510087130077719,0.783095295701715,0.05246020682512051,94912.01993940228,19931.524187274477,0.9115128449096099
