QMean,QDev,PMean,PDev,BarMean,BarDev,etaMean,etaDev,Energy,Resa,Availability
0.09727818452991455,0.009380427776017688,199.70666256980059,18.375284662281338,26.785709910968663,0.29728160880186355,0.7889979787718038,0.00840974151805742,35353.959526585924,7424.331500583044,1.0
