QMean,QDev,PMean,PDev,BarMean,BarDev,etaMean,etaDev,Energy,Resa,Availability
0.09178402805561922,0.008008990219504875,199.16618998161763,16.889559127628264,27.07244592984069,0.23160034181013214,0.805202601362787,0.01168124031876853,83248.36927158311,17482.157547032453,0.9963369963369964
