QMean,QDev,PMean,PDev,BarMean,BarDev,etaMean,etaDev,Energy,Resa,Availability
0.09337287729610509,0.02015214402162131,191.54482080626698,41.062398578430596,26.274545731797172,3.3957933208193944,0.7883382138118834,0.01609514655637883,85078.78229888761,17866.544282766397,0.9690048939641109
