QMean,QDev,PMean,PDev,BarMean,BarDev,etaMean,etaDev,Energy,Resa,Availability
0.0890617312248629,0.012565683612027144,190.71441145967398,25.708847891871415,27.061954507922,0.3459571755921123,0.7925043894058962,0.014611547203675567,52504.94890425798,11026.039269894176,0.9981751824817519
