QMean,QDev,PMean,PDev,BarMean,BarDev,etaMean,etaDev,Energy,Resa,Availability
0.08907838536238533,0.012585326489459588,190.73983998796635,25.751544962416233,27.061311985474006,0.34642250993765705,0.7924653946783865,0.014624349779863526,52230.0254674604,10968.305348166683,0.9981684981684982
