QMean,QDev,PMean,PDev,BarMean,BarDev,etaMean,etaDev,Energy,Resa,Availability
0.08903572482776269,0.026876940291871244,182.85950884955673,54.89213825383291,25.68464121102246,4.930325886451588,0.7888783121347865,0.014960614063084575,50908.95076695283,10690.879661060095,0.9326241134751773
