QMean,QDev,PMean,PDev,BarMean,BarDev,etaMean,etaDev,Energy,Resa,Availability
0.08881469935533963,0.027067086341183502,182.44470130773163,55.2958797351743,25.66905995731047,4.973247378350525,0.7889188981793316,0.015087898451317416,50295.18963759043,10561.989823893991,0.9314079422382672
