QMean,QDev,PMean,PDev,BarMean,BarDev,etaMean,etaDev,Energy,Resa,Availability
0.09221485121235262,0.006949102571574934,200.24502719111737,14.914930157262166,27.08977512225348,0.19193540644551346,0.804036332976121,0.013525234109033595,128335.64733632052,26950.485940627306,1.0
