QMean,QDev,PMean,PDev,BarMean,BarDev,etaMean,etaDev,Energy,Resa,Availability
0.09220839716612947,0.006956255390767488,200.23063698690572,14.930071454819544,27.089972224684395,0.1921253268448008,0.8040283454656634,0.013541029741505489,128018.45891076312,26883.876371260252,1.0
