QMean,QDev,PMean,PDev,BarMean,BarDev,etaMean,etaDev,Energy,Resa,Availability
0.09459510477217896,0.011489141388930865,194.16968237688732,23.05936368658056,26.875166729094076,0.35888318751124804,0.7855771021814685,0.03555273924312015,111342.28947719545,23381.880790211042,1.0
