QMean,QDev,PMean,PDev,BarMean,BarDev,etaMean,etaDev,Energy,Resa,Availability
0.09810201653374233,0.008507635654130112,201.34729591002048,16.635598828796528,26.775625488241314,0.28177690306705633,0.7884824609363476,0.01030854456302386,16426.136119557148,3449.4885851070007,1.0
