QMean,QDev,PMean,PDev,BarMean,BarDev,etaMean,etaDev,Energy,Resa,Availability
0.08975695175065793,0.014075700386757818,192.96061583558762,30.002125028013428,26.866035710249474,2.336605131825823,0.7890348576378032,0.02739722504812511,131802.3918485509,27678.50228819569,0.9909828674481514
