QMean,QDev,PMean,PDev,BarMean,BarDev,etaMean,etaDev,Energy,Resa,Availability
0.048895531899226775,0.04712520011021104,103.06344168699185,99.99769255704054,16.693819175528454,11.16086503871767,0.7527462404066577,0.13639625999201707,41405.05060813773,8695.060627708923,0.521680216802168
