QMean,QDev,PMean,PDev,BarMean,BarDev,etaMean,etaDev,Energy,Resa,Availability
0.08357924157768877,0.03296472775422269,171.68772320977916,67.51541753168071,24.742649836908516,6.520472320418139,0.7886941552529703,0.013067795849238334,27234.918914835718,5719.3329721155005,0.8801261829652997
