QMean,QDev,PMean,PDev,BarMean,BarDev,etaMean,etaDev,Energy,Resa,Availability
0.0872827510427242,0.011767451671673385,187.7125092006451,24.000678138032175,27.125639048752113,0.32972970411774677,0.7947229159943043,0.014990142021700603,74222.82969702674,15586.794236375616,0.9987325728770595
