QMean,QDev,PMean,PDev,BarMean,BarDev,etaMean,etaDev,Energy,Resa,Availability
0.0900815923203346,0.025406383612579887,184.91592226505625,51.815534417440894,25.82836711096626,4.601499874581355,0.7889280457277463,0.01393337884270357,55553.93096735311,11666.325503144153,0.941717791411043
