QMean,QDev,PMean,PDev,BarMean,BarDev,etaMean,etaDev,Energy,Resa,Availability
0.0980944850310559,0.008559916904652435,201.34256449275364,16.738000373172426,26.776392456004146,0.2834370594935513,0.788503947609307,0.010367841161046039,16300.97366378402,3423.204469394644,1.0
