QMean,QDev,PMean,PDev,BarMean,BarDev,etaMean,etaDev,Energy,Resa,Availability
0.09221054442485238,0.006953865833035398,200.23548204569244,14.925035723768938,27.08990800389157,0.1920612911644473,0.8040312889098732,0.013535824987915033,128155.93688016325,26912.746744834283,1.0
