QMean,QDev,PMean,PDev,BarMean,BarDev,etaMean,etaDev,Energy,Resa,Availability
0.08099509068005169,0.03479852537969246,166.41074442496927,71.30165903115739,24.406983880565804,6.995889584266427,0.7881710635387265,0.013982157269437837,22623.95673143563,4751.030913601482,0.8597785977859779
