QMean,QDev,PMean,PDev,BarMean,BarDev,etaMean,etaDev,Energy,Resa,Availability
0.04883934744793672,0.04713245296409675,102.93800507462686,100.00747205050492,16.67969806687924,11.161844075099172,0.7526279757421493,0.13654852491039463,41336.9004794888,8680.749100692648,0.5210312075983717
