QMean,QDev,PMean,PDev,BarMean,BarDev,etaMean,etaDev,Energy,Resa,Availability
0.09097816695207192,0.011580293124429328,197.14922490542418,24.797696451466077,26.934373919443672,1.68998194356875,0.8043061021160471,0.014673025223085313,143701.46763315424,30177.30820296239,0.9780821917808219
