QMean,QDev,PMean,PDev,BarMean,BarDev,etaMean,etaDev,Energy,Resa,Availability
0.09455820474872353,0.011987961541138138,194.16678986400248,24.02246229245218,26.891100353159853,0.368999250562041,0.7859697740346203,0.03733878933116352,104336.49536737106,21910.66402714792,1.0
