QMean,QDev,PMean,PDev,BarMean,BarDev,etaMean,etaDev,Energy,Resa,Availability
0.08903894085035532,0.027154400307060827,182.85171008699635,55.52383805854418,25.60799480534188,5.077581841178849,0.7886817014438896,0.014857872058460661,49928.92924279663,10485.075140987292,0.9304029304029304
