QMean,QDev,PMean,PDev,BarMean,BarDev,etaMean,etaDev,Energy,Resa,Availability
0.08136646649825915,0.00979035394828238,176.62125198001357,21.46821851649909,27.358710729166667,0.2530402366306126,0.7832069871642734,0.0519995030414114,99135.64440094406,20818.485324198253,0.9136490250696379
