QMean,QDev,PMean,PDev,BarMean,BarDev,etaMean,etaDev,Energy,Resa,Availability
0.08962407950557182,0.019858415010918205,183.84649903158757,41.139348522773204,26.528000701572292,2.969567212423031,0.7882609791407176,0.015302767728760436,103163.11378186553,21664.25389419176,0.9704565801253358
