QMean,QDev,PMean,PDev,BarMean,BarDev,etaMean,etaDev,Energy,Resa,Availability
0.09416117939242476,0.012657830670900806,193.54711921609632,25.45699809490962,26.91032080877693,0.38433857067062455,0.7814780103640563,0.038048305618342625,100609.98608944322,21128.097078783074,1.0
