QMean,QDev,PMean,PDev,BarMean,BarDev,etaMean,etaDev,Energy,Resa,Availability
0.08976217802610778,0.014070435005905714,192.9706439069069,29.990466885512873,26.866102143168167,2.335553417629962,0.7890351313903912,0.02738456314546095,131917.46592555023,27702.667844365547,0.990990990990991
