QMean,QDev,PMean,PDev,BarMean,BarDev,etaMean,etaDev,Energy,Resa,Availability
0.09384969153913442,0.007984931579249907,199.16773395764272,15.685900562974522,26.939644803176794,0.2517154605643166,0.7880547980442212,0.011938221185853927,41444.64778613424,8703.376035088191,0.8916256157635468
