QMean,QDev,PMean,PDev,BarMean,BarDev,etaMean,etaDev,Energy,Resa,Availability
0.0485515186805046,0.04716386983637707,102.29438929644809,100.04374225956387,16.608572189603827,11.166561025647873,0.7520110336582481,0.13731143133287715,40812.47774292831,8570.620326014945,0.51775956284153
