QMean,QDev,PMean,PDev,BarMean,BarDev,etaMean,etaDev,Energy,Resa,Availability
0.08381717064421809,0.03282715683558821,172.18098629023882,67.23707135841586,24.766792786760124,6.483282710428683,0.7888046620575667,0.013002914861345584,27647.244452778887,5805.921335083566,0.881619937694704
