QMean,QDev,PMean,PDev,BarMean,BarDev,etaMean,etaDev,Energy,Resa,Availability
0.08107722004711693,0.03498354957479527,166.5324884981343,71.68888414408515,24.370679519465174,7.026468907847538,0.7880827104618406,0.014045649291408347,22386.22228441087,4701.106679726282,0.8582089552238806
