QMean,QDev,PMean,PDev,BarMean,BarDev,etaMean,etaDev,Energy,Resa,Availability
0.09179538329521103,0.008237665877632269,199.20306088495374,17.35746499960488,27.069480471064818,0.2392773940435816,0.8052348145230144,0.0122043635901759,73574.2671832682,15450.596108486321,0.995850622406639
