QMean,QDev,PMean,PDev,BarMean,BarDev,etaMean,etaDev,Energy,Resa,Availability
0.08530675940285896,0.031204396289811632,175.18909900898473,63.881775369664275,25.04297674070081,6.07315716953101,0.7886551146389549,0.01364220957958607,32568.821433096986,6839.452500950367,0.8975741239892183
