QMean,QDev,PMean,PDev,BarMean,BarDev,etaMean,etaDev,Energy,Resa,Availability
0.09201000785992218,0.008509474335787658,196.4950794455253,17.183603947821428,27.017357752918286,0.2563007043804003,0.784653305574846,0.030346851180879483,25332.58229784922,5319.842282548337,1.0
