QMean,QDev,PMean,PDev,BarMean,BarDev,etaMean,etaDev,Energy,Resa,Availability
0.09127329613241161,0.016853149025323966,187.89100393621533,33.648188444656185,26.920945321157284,0.4617813443068285,0.7850232685867776,0.03562868909442312,123879.87917966119,26014.77462772885,0.9973190348525469
