QMean,QDev,PMean,PDev,BarMean,BarDev,etaMean,etaDev,Energy,Resa,Availability
0.06154165929701164,0.04394562516131434,130.95892645617343,93.99286113743113,19.86526514636192,10.47100383518814,0.7690246242206703,0.1053216425147742,73798.70178617428,15497.727375096598,0.6672950047125353
