QMean,QDev,PMean,PDev,BarMean,BarDev,etaMean,etaDev,Energy,Resa,Availability
0.08512601507982018,0.031325512672840936,174.82552118256132,64.1331470153379,25.02654179373297,6.104111318644081,0.7886105413777303,0.013721771492226314,32130.065597313165,6747.313775435764,0.896457765667575
