QMean,QDev,PMean,PDev,BarMean,BarDev,etaMean,etaDev,Energy,Resa,Availability
0.08465518711880339,0.031688401059575814,173.90688653745318,64.89778862902149,24.978472994990636,6.191466404514296,0.7886336041036758,0.013951269007223734,30983.782287665967,6506.594280409853,0.8932584269662921
