QMean,QDev,PMean,PDev,BarMean,BarDev,etaMean,etaDev,Energy,Resa,Availability
0.09345462982345493,0.020000213908666246,191.69898372804977,40.750022083825286,26.281295924705727,3.3688454288147875,0.7883163703228573,0.01596164168032595,86039.72236948356,18068.341697591546,0.9695024077046549
