QMean,QDev,PMean,PDev,BarMean,BarDev,etaMean,etaDev,Energy,Resa,Availability
0.08602141751773332,0.026792361840404854,176.7870116131001,54.80225435310158,26.01775244959253,3.8266298231715705,0.7838651417454118,0.05156874680537219,303791.6355835061,63796.24347253628,0.9285714285714286
