QMean,QDev,PMean,PDev,BarMean,BarDev,etaMean,etaDev,Energy,Resa,Availability
0.08260332462660214,0.02495919461470942,177.4372724021275,53.614708192786736,25.64776476933748,5.697161048172971,0.7836783054570641,0.052342494514404356,1106067.8059921234,232274.23925834592,0.921195374066114
