QMean,QDev,PMean,PDev,BarMean,BarDev,etaMean,etaDev,Energy,Resa,Availability
0.08665163586615719,0.02537330799516943,178.07517185568628,51.96032218187959,26.10856941163399,3.2548299395652407,0.7722079907550147,0.028482778897510292,225494.5125771839,47353.84764120862,0.9341176470588235
