QMean,QDev,PMean,PDev,BarMean,BarDev,etaMean,etaDev,Energy,Resa,Availability
0.08404589626639981,0.028976589242664618,172.83698327032712,59.315644373393106,25.842111371113177,4.405826064943046,0.7831292880224809,0.05547452285147501,276637.8343438069,58093.94521219945,0.9151193633952255
