QMean,QDev,PMean,PDev,BarMean,BarDev,etaMean,etaDev,Energy,Resa,Availability
0.08818197291047154,0.017457360857842177,186.84726686644296,36.052412422652125,26.70095056316987,2.672561389992724,0.7934923288163078,0.03383067216483973,1580351.2766433344,331873.76809510024,0.962300033560801
