QMean,QDev,PMean,PDev,BarMean,BarDev,etaMean,etaDev,Energy,Resa,Availability
0.08793292988429238,0.016909887610140704,186.31466943901088,34.64650179774638,26.73060232104239,2.6828833675976926,0.7928660017642427,0.03297394755371905,1483069.633617562,311444.623059688,0.960334324975209
