QMean,QDev,PMean,PDev,BarMean,BarDev,etaMean,etaDev,Energy,Resa,Availability
0.0906556278747555,0.018781934795718717,187.63912971198587,38.28317356862093,26.609243273033456,2.3964199965996,0.7880218141767579,0.02913636636309492,758701.3601269556,159327.28562666065,0.974988201982067
