QMean,QDev,PMean,PDev,BarMean,BarDev,etaMean,etaDev,Energy,Resa,Availability
0.0841971090102415,0.028816592811482012,173.14503566288192,58.986040477824446,25.861758248028647,4.368348337753477,0.7832113335010685,0.054996663855319004,280176.89996252465,58837.148992130176,0.9166666666666666
