QMean,QDev,PMean,PDev,BarMean,BarDev,etaMean,etaDev,Energy,Resa,Availability
0.08871941947401905,0.014456460729861384,188.99879473381935,29.57556066235326,26.84735836198868,2.3361189202812684,0.7949816159574561,0.028583404458654597,1657310.9536450712,348035.30026546493,0.7998859749144812
