QMean,QDev,PMean,PDev,BarMean,BarDev,etaMean,etaDev,Energy,Resa,Availability
0.08659444545421294,0.02540679349175715,177.9727888839895,52.03668783560235,26.10690280465879,3.261121456720779,0.7721607384492448,0.02853242083676969,224925.8666686784,47234.432000422465,0.9338582677165355
