QMean,QDev,PMean,PDev,BarMean,BarDev,etaMean,etaDev,Energy,Resa,Availability
0.09042611168979,0.02240927971878793,185.7004906844725,45.73870377566605,26.311916838239586,3.024049418994694,0.7858532696945266,0.04043849914879649,420719.52401880577,88351.1000439492,0.9555318392031306
