QMean,QDev,PMean,PDev,BarMean,BarDev,etaMean,etaDev,Energy,Resa,Availability
0.08371440270762415,0.02854626316270666,179.35831645402087,61.497212852874725,24.943954845732172,6.705233401000811,0.7879785267676118,0.05065960178171326,509925.25945565884,107084.30448568835,0.9024166411746711
