QMean,QDev,PMean,PDev,BarMean,BarDev,etaMean,etaDev,Energy,Resa,Availability
0.08628224664679249,0.026512769763463617,177.3011137781109,54.21373296908505,26.04206652066347,3.771107203491803,0.7840120884679712,0.05077829053181385,309489.19041311607,64992.72998675437,0.9307432432432432
