QMean,QDev,PMean,PDev,BarMean,BarDev,etaMean,etaDev,Energy,Resa,Availability
0.08363535273006194,0.029224024882093268,172.00268588804727,59.82908094066429,25.81827361396821,4.462808394809517,0.7828728567922899,0.05627013322796473,271068.06283198285,56924.293194716396,0.9128065395095368
