QMean,QDev,PMean,PDev,BarMean,BarDev,etaMean,etaDev,Energy,Resa,Availability
0.08834103337422228,0.015335748250969002,186.57768260054934,30.850958169745645,26.87793706800646,1.794169937338907,0.7926875264658898,0.024816551469624342,1265695.1623173933,265795.9840866526,0.9823061293599729
