QMean,QDev,PMean,PDev,BarMean,BarDev,etaMean,etaDev,Energy,Resa,Availability
0.08266350204786864,0.024871232486877063,177.5710072025394,53.428933212628294,25.660991635285086,5.673766539284542,0.7836957062168813,0.05225414863517316,1114488.024650262,234042.485176555,0.9218829258395049
