QMean,QDev,PMean,PDev,BarMean,BarDev,etaMean,etaDev,Energy,Resa,Availability
0.08528962847799741,0.0211151797643369,183.26057978113815,45.34985633156878,26.18399064263778,4.67136749078977,0.7852559680006228,0.044609322982271944,898946.187583186,188778.69939246905,0.9432194046306505
