QMean,QDev,PMean,PDev,BarMean,BarDev,etaMean,etaDev,Energy,Resa,Availability
0.08780242588729668,0.025216021524562017,180.35938999338774,51.53490609684254,26.140183843293556,3.517933786979427,0.7845609630751195,0.0474802626620965,339828.0524428247,71363.89101299319,0.9400876765708719
