QMean,QDev,PMean,PDev,BarMean,BarDev,etaMean,etaDev,Energy,Resa,Availability
0.09094778646728773,0.019016381182264695,187.90485130186352,38.84642749607357,26.583186210088545,2.439101358583545,0.7875499771747844,0.02947951591257537,737208.3558116099,154813.75472043807,0.974002616088947
