QMean,QDev,PMean,PDev,BarMean,BarDev,etaMean,etaDev,Energy,Resa,Availability
0.08259899107538428,0.024964924595703437,177.4270643279204,53.62669974031299,25.647017117851938,5.69854014752981,0.7836687599678954,0.05235554990721836,1105542.8628712292,232164.0012029581,0.9211550276469384
