QMean,QDev,PMean,PDev,BarMean,BarDev,etaMean,etaDev,Energy,Resa,Availability
0.09081113173560898,0.021890397227648347,186.4898590795295,44.65789243002187,26.342186060320877,2.9310295046012795,0.7860868076436487,0.03914835153475609,440308.0483770643,92464.69015918349,0.9583194398132711
