QMean,QDev,PMean,PDev,BarMean,BarDev,etaMean,etaDev,Energy,Resa,Availability
0.08537273193822922,0.027958074332934173,175.5282704136967,57.19965327758598,25.94512067000711,4.176836003595022,0.7837488163380391,0.052535565291607654,300689.9225785055,63144.88374148615,0.9241706161137441
