QMean,QDev,PMean,PDev,BarMean,BarDev,etaMean,etaDev,Energy,Resa,Availability
0.088143179216179,0.017538047592076146,186.71443111225997,36.20326817902662,26.696607384321307,2.6868860390501963,0.7933623020621082,0.033992283338950186,1570145.7046458896,329730.5979756368,0.961890761053941
