QMean,QDev,PMean,PDev,BarMean,BarDev,etaMean,etaDev,Energy,Resa,Availability
0.08260412108376737,0.024958026617179843,177.439141760071,53.61225038217682,25.647915091170397,5.69688557252315,0.7836800692565087,0.05233983551509641,1106110.067019231,232283.1140740385,0.9212034383954155
