QMean,QDev,PMean,PDev,BarMean,BarDev,etaMean,etaDev,Energy,Resa,Availability
0.087058995072583,0.024906881707987324,178.81111901315123,50.979287540394125,26.120852450694237,3.2006238138300316,-inf,,235570.73516345356,49469.85438432525,0.936267071320182
