QMean,QDev,PMean,PDev,BarMean,BarDev,etaMean,etaDev,Energy,Resa,Availability
0.08724376411508522,0.02475196977837348,179.11190832358747,50.621638353301975,26.1327999087207,3.16465713136872,-inf,,235705.40046351275,49498.13409733768,0.9385640266469282
