QMean,QDev,PMean,PDev,BarMean,BarDev,etaMean,etaDev,Energy,Resa,Availability
0.08285731564511689,0.024635856587649208,177.99701967184134,52.92849796778655,25.695230794733803,5.610180824091845,0.7838647884069535,0.051820806844558844,1138384.4881239864,239060.74250603715,0.9237246161466073
