QMean,QDev,PMean,PDev,BarMean,BarDev,etaMean,etaDev,Energy,Resa,Availability
0.08597698211155316,0.026818588624203134,176.7024081330373,54.859237286790226,26.01620879724228,3.832090252359762,0.7838554677973754,0.051650112124406816,303163.65865363745,63664.36831726386,0.9283634245777519
