QMean,QDev,PMean,PDev,BarMean,BarDev,etaMean,etaDev,Energy,Resa,Availability
0.08371803686374332,0.02854263699383347,179.3659057324946,61.48930305332127,24.944567248740533,6.70429572315448,0.7879789909169498,0.05065091478025298,509979.96904781903,107095.793500042,0.9024464831804281
