QMean,QDev,PMean,PDev,BarMean,BarDev,etaMean,etaDev,Energy,Resa,Availability
0.0862895841792394,0.026556941215811734,177.31791798447998,54.30430570202139,26.03598447047848,3.780725100981202,0.784005319266639,0.05090143632103446,308609.07921288797,64807.90663470647,0.9303510758776897
