QMean,QDev,PMean,PDev,BarMean,BarDev,etaMean,etaDev,Energy,Resa,Availability
0.08527984333912961,0.021147483402386646,183.2366846147488,45.419035979418545,26.18046333355254,4.679493706680547,0.7852482111576415,0.044654589426664865,894647.1065401821,187875.89237343826,0.943015214384509
