QMean,QDev,PMean,PDev,BarMean,BarDev,etaMean,etaDev,Energy,Resa,Availability
0.08432558678234126,0.028741739343851963,173.39678170425495,58.82664986689796,25.867278460360897,4.3518349843341575,0.7832622967768215,0.054761560793239336,281926.98335149285,59204.666503813496,0.917312661498708
