QMean,QDev,PMean,PDev,BarMean,BarDev,etaMean,etaDev,Energy,Resa,Availability
0.08626580153101528,0.025029575707255072,177.4405007459172,51.082551501842666,26.230847675904922,3.034439305732859,0.7840247478829707,0.04651907188828704,249005.40919453665,52291.135930852695,0.9422818791946309
