QMean,QDev,PMean,PDev,BarMean,BarDev,etaMean,etaDev,Energy,Resa,Availability
0.08793393544028628,0.01690887222103806,186.3175399063513,34.6448201699194,26.73064231140145,2.6826915163059293,0.7928681457861473,0.032971924955394645,1483254.009568667,311483.34200942004,0.9603399433427762
