QMean,QDev,PMean,PDev,BarMean,BarDev,etaMean,etaDev,Energy,Resa,Availability
0.08785411582361614,0.025165784392627507,180.46016450060995,51.43027590003068,26.142873610170465,3.509609172693839,0.784574131708569,0.04735575752547673,340858.0712354524,71580.194959445,0.9403780901599612
