QMean,QDev,PMean,PDev,BarMean,BarDev,etaMean,etaDev,Energy,Resa,Availability
0.08725790459228704,0.024638902002975128,179.23000186666667,50.437293994473954,26.13377269373801,3.157705326709839,0.784221188775088,0.047100584644628025,239425.84179082394,50279.42677607302,0.9380073800738007
