QMean,QDev,PMean,PDev,BarMean,BarDev,etaMean,etaDev,Energy,Resa,Availability
0.08539479150009437,0.02067644571701799,183.4867208242892,44.356923358172324,26.262853097407106,4.49012862258382,0.7852079867228969,0.044825354507705494,957235.9513509193,201019.54978369304,0.9470610638567982
