QMean,QDev,PMean,PDev,BarMean,BarDev,etaMean,etaDev,Energy,Resa,Availability
0.08793242801466065,0.01691039578913114,186.31322842617482,34.64733953460825,26.730582107952028,2.6829792865366007,0.7928648916440377,0.03297494241774195,1482955.3803200787,311420.6298672165,0.9603315151944464
