QMean,QDev,PMean,PDev,BarMean,BarDev,etaMean,etaDev,Energy,Resa,Availability
0.091311283081861,0.01988601235058058,187.49584683258013,40.657781600502375,26.497052000116266,2.630796207676776,0.7868144937856006,0.031245192789537142,649698.8378716499,136436.75595304646,0.9696270665128797
