QMean,QDev,PMean,PDev,BarMean,BarDev,etaMean,etaDev,Energy,Resa,Availability
0.0842892025995151,0.028760330916448376,173.32396848234075,58.865704467780645,25.865862396840154,4.356228485741832,0.7832416503251738,0.054823226905507165,281422.6129998602,59098.74872997064,0.9171413775245987
