QMean,QDev,PMean,PDev,BarMean,BarDev,etaMean,etaDev,Energy,Resa,Availability
0.08682849815229869,0.025266827075203856,178.37279315275612,51.71646896841143,26.10642125976209,3.2464769385252468,-inf,,228558.87037024982,47997.36277775246,0.9352574102964119
