QMean,QDev,PMean,PDev,BarMean,BarDev,etaMean,etaDev,Energy,Resa,Availability
0.09042021059195587,0.022416167946569962,185.68907088802396,45.75298220185962,26.311630434431184,3.0251075094722233,0.7858525879862518,0.04045376954402693,420578.57590002613,88321.50093900549,0.955500177999288
