QMean,QDev,PMean,PDev,BarMean,BarDev,etaMean,etaDev,Energy,Resa,Availability
0.08814392060930673,0.01753717648118678,186.71649566808344,36.20170077740878,26.696645555434092,2.6867340466919196,0.7933638099709982,0.033990511728924463,1570555.6376362087,329816.6839036038,0.9618950701040253
