QMean,QDev,PMean,PDev,BarMean,BarDev,etaMean,etaDev,Energy,Resa,Availability
0.08365169086135207,0.029245065227241813,172.0296527199236,59.87408737506562,25.815273777955788,4.465844558902821,0.7828512347407088,0.056319249772435194,270847.881555595,56878.05512667495,0.9126637554585153
