QMean,QDev,PMean,PDev,BarMean,BarDev,etaMean,etaDev,Energy,Resa,Availability
0.08400628509595799,0.02899462375085186,172.75524993242956,59.352147726158144,25.840329318606237,4.4103384078687675,0.7830981754998542,0.055536918602261974,276171.82117461873,57996.082446669934,0.9149388623072834
