,Power,Var2,Var3,Eta
last_value,97.4966,0.037865499999999996,30.1185,0.008714519153152007
MaxScala,248.0,80.0,50.0,100.0
Media,97.28547493090664,12.0,31.5,0.852731892757748
Dev,1.8113576420581616,15.0,0.9,0.01587700971466155
