,Power,Var2,Var3,Eta
last_value,69.6306,0.0280162,30.7041,0.008251359881111784
MaxScala,248.0,80.0,50.0,100.0
Media,71.44329714203116,12.0,31.5,0.830228094923542
Dev,1.8383424114242888,15.0,0.9,0.021363005055879847
