,Power,Var2,Var3,Eta
last_value,103.4208,0.039969000000000005,30.0245,0.8614902446740882
MaxScala,248.0,80.0,50.0,100.0
Media,102.98928133380105,12.0,31.5,0.857895715127564
Dev,1.6995813359175023,15.0,0.9,0.014157430042342378
