,Power,Var2,Var3,Eta
last_value,66.402,0.03085604,27.05091,0.7952444182005601
MaxScala,100.0,0.03,40.0,100.0
Media,54.08668843154353,0.026,26.9,0.647753638055146
Dev,2.338077312248772,0.006,0.5,0.028001309175735734
