,Power,Var2,Var3,Eta
last_value,66.887,0.0309832,27.16545,0.7944015465314233
MaxScala,100.0,0.03,40.0,100.0
Media,54.53954335533351,0.026,26.9,0.647753638055146
Dev,2.3576534751413036,0.006,0.5,0.028001309175735734
