,Power,Var2,Var3,Eta
last_value,65.6005,0.03079019,26.94909,0.7903004211578344
MaxScala,100.0,0.03,40.0,100.0
Media,53.76811323342336,0.026,26.9,0.647753638055146
Dev,2.324305837888446,0.006,0.5,0.028001309175735734
