,Power,Var2,Var3,Eta
last_value,57.174,0.02800182,28.32182,0.7206637827471649
MaxScala,100.0,0.03,40.0,100.0
Media,52.690568304071775,0.026,26.9,0.664151262271491
Dev,1.3135444907041198,0.006,0.5,0.016556895467826793
