,Power,Var2,Var3,Eta
last_value,65.4575,0.0305654,26.85455,0.7971737490139398
MaxScala,100.0,0.03,40.0,100.0
Media,53.18832163683464,0.026,26.9,0.647753638055146
Dev,2.299242414389477,0.006,0.5,0.028001309175735734
