,Power,Var2,Var3,Eta
last_value,63.5905,0.03034741,26.64545,0.7861204352535359
MaxScala,100.0,0.03,40.0,100.0
Media,52.39779539309526,0.026,26.9,0.647753638055146
Dev,2.2650692836465276,0.006,0.5,0.028001309175735734
