,Power,Var2,Var3,Eta
last_value,65.1355,0.030626709999999998,26.78364,0.793760244545662
MaxScala,100.0,0.03,40.0,100.0
Media,53.15428352762989,0.026,26.9,0.647753638055146
Dev,2.2977710037117056,0.006,0.5,0.028001309175735734
