,Power,Var2,Var3,Eta
last_value,65.3765,0.03051771,26.90364,0.7959764507714865
MaxScala,100.0,0.03,40.0,100.0
Media,53.2024102940072,0.026,26.9,0.647753638055146
Dev,2.299851443536028,0.006,0.5,0.028001309175735734
