,Power,Var2,Var3,Eta
last_value,50.233,0.02711399,26.55455,0.6974262275715593
MaxScala,100.0,0.03,40.0,100.0
Media,50.34690669453965,0.026,26.9,0.69900768828997
Dev,1.0580984568900527,0.006,0.5,0.014690454784466733
