,Power,Var2,Var3,Eta
last_value,64.612,0.03055859,26.95818,0.7840266795147305
MaxScala,100.0,0.03,40.0,100.0
Media,53.38167584797445,0.026,26.9,0.647753638055146
Dev,2.307600794379147,0.006,0.5,0.028001309175735734
