,Power,Var2,Var3,Eta
last_value,65.469,0.03063579,26.80545,0.7969389597337648
MaxScala,100.0,0.03,40.0,100.0
Media,53.21333887855051,0.026,26.9,0.647753638055146
Dev,2.300323868014521,0.006,0.5,0.028001309175735734
