,Power,Var2,Var3,Eta
last_value,65.038,0.03064487,26.88728,0.7890491602106144
MaxScala,100.0,0.03,40.0,100.0
Media,53.391605030775956,0.026,26.9,0.647753638055146
Dev,2.3080300163875673,0.006,0.5,0.028001309175735734
