,Power,Var2,Var3,Eta
last_value,70.444,0.031380569999999997,28.42182,0.7895376294018724
MaxScala,100.0,0.03,40.0,100.0
Media,57.793771417487406,0.026,26.9,0.647753638055146
Dev,2.498328325490764,0.006,0.5,0.028001309175735734
