,Power,Var2,Var3,Eta
last_value,65.4275,0.03049728,26.90546,0.7970771053832437
MaxScala,100.0,0.03,40.0,100.0
Media,53.170390753446426,0.026,26.9,0.647753638055146
Dev,2.2984672922133127,0.006,0.5,0.028001309175735734
