,Power,Var2,Var3,Eta
last_value,57.4785,0.02706176,26.96909,0.7872716864696792
MaxScala,100.0,0.03,40.0,100.0
Media,51.03436856918192,0.026,26.9,0.69900768828997
Dev,1.0725462630510743,0.006,0.5,0.014690454784466733
