,Power,Var2,Var3,Eta
last_value,65.76,0.03067212,26.90727,0.7965075755256853
MaxScala,100.0,0.03,40.0,100.0
Media,53.478812439911046,0.026,26.9,0.647753638055146
Dev,2.311799847203089,0.006,0.5,0.028001309175735734
