,Power,Var2,Var3,Eta
last_value,50.1795,0.02685968,26.69455,0.6995913460344069
MaxScala,100.0,30.0,40.0,100.0
Media,50.13763605477972,26.0,26.9,0.69900768828997
Dev,1.0537003924300887,6.0,0.5,0.014690454784466733
