,Power,Var2,Var3,Eta
last_value,50.327,0.027048140000000002,26.52364,0.7012486689953041
MaxScala,100.0,0.03,40.0,100.0
Media,50.16616998214209,0.026,26.9,0.69900768828997
Dev,1.0543000659054484,0.006,0.5,0.014690454784466733
