,Power,Var2,Var3,Eta
last_value,69.8105,0.03138511,28.14545,0.7900060808927766
MaxScala,100.0,0.03,40.0,100.0
Media,57.240072504690325,0.026,26.9,0.647753638055146
Dev,2.4743928451836976,0.006,0.5,0.028001309175735734
