,Power,Var2,Var3,Eta
last_value,65.286,0.0307198,26.9,0.7897523634219579
MaxScala,100.0,0.03,40.0,100.0
Media,53.54747383196306,0.026,26.9,0.647753638055146
Dev,2.314767964638998,0.006,0.5,0.028001309175735734
