,Power,Var2,Var3,Eta
last_value,65.298,0.030481380000000002,26.91091,0.7957532262588188
MaxScala,100.0,0.03,40.0,100.0
Media,53.15343458496745,0.026,26.9,0.647753638055146
Dev,2.2977343053366335,0.006,0.5,0.028001309175735734
