,Power,Var2,Var3,Eta
last_value,64.604,0.03066758,26.76727,0.7867148707701227
MaxScala,100.0,0.03,40.0,100.0
Media,53.19268465327184,0.026,26.9,0.647753638055146
Dev,2.299431020311574,0.006,0.5,0.028001309175735734
