,Power,Var2,Var3,Eta
last_value,50.097,0.02688465,26.54364,0.701759646765813
MaxScala,100.0,0.03,40.0,100.0
Media,49.9005440418957,0.026,26.9,0.69900768828997
Dev,1.0487176296459606,0.006,0.5,0.014690454784466733
