,Power,Var2,Var3,Eta
last_value,57.6745,0.027091280000000002,26.88909,0.791443188932345
MaxScala,100.0,0.03,40.0,100.0
Media,50.93848741394137,0.026,26.9,0.69900768828997
Dev,1.0705312097128343,0.006,0.5,0.014690454784466733
