,Power,Var2,Var3,Eta
last_value,65.394,0.03050182,26.91091,0.7963890917356446
MaxScala,100.0,0.03,40.0,100.0
Media,53.189077859744266,0.026,26.9,0.647753638055146
Dev,2.299275104644312,0.006,0.5,0.028001309175735734
