,Power,Var2,Var3,Eta
last_value,66.0135,0.03086967,26.98545,0.7921595192957464
MaxScala,100.0,0.03,40.0,100.0
Media,53.9796388785036,0.026,26.9,0.647753638055146
Dev,2.3334497386533606,0.006,0.5,0.028001309175735734
