,Power,Var2,Var3,Eta
last_value,57.345,0.02717984,26.96,0.782294561162367
MaxScala,100.0,0.03,40.0,100.0
Media,51.23977319416474,0.026,26.9,0.69900768828997
Dev,1.0768630787404871,0.006,0.5,0.014690454784466733
