,Power,Var2,Var3,Eta
last_value,65.5995,0.030599460000000002,26.84364,0.7983381778036667
MaxScala,100.0,0.03,40.0,100.0
Media,53.225958573721854,0.026,26.9,0.647753638055146
Dev,2.3008693963843148,0.006,0.5,0.028001309175735734
