,Power,Var2,Var3,Eta
last_value,57.685,0.02716621,27.08727,0.783628358537117
MaxScala,100.0,0.03,40.0,100.0
Media,51.45584390830469,0.026,26.9,0.69900768828997
Dev,1.0814040546260109,0.006,0.5,0.014690454784466733
