,Power,Var2,Var3,Eta
last_value,66.9195,0.03074705,27.15818,0.8011062285649266
MaxScala,100.0,0.03,40.0,100.0
Media,54.109365320354904,0.026,26.9,0.647753638055146
Dev,2.3390575963219846,0.006,0.5,0.028001309175735734
