,Power,Var2,Var3,Eta
last_value,57.4845,0.0271753,26.98364,0.7836414768819191
MaxScala,100.0,0.03,40.0,100.0
Media,51.276136655486795,0.026,26.9,0.69900768828997
Dev,1.0776272989247673,0.006,0.5,0.014690454784466733
