,Power,Var2,Var3,Eta
last_value,66.137,0.030885560000000003,26.99636,0.7929126338540757
MaxScala,100.0,0.03,40.0,100.0
Media,54.02925937983903,0.026,26.9,0.647753638055146
Dev,2.33559475014804,0.006,0.5,0.028001309175735734
