,Power,Var2,Var3,Eta
last_value,49.7165,0.026939150000000002,26.48364,0.6965952685905441
MaxScala,100.0,30.0,40.0,100.0
Media,49.88867611056873,26.0,26.9,0.69900768828997
Dev,1.048468211347042,6.0,0.5,0.014690454784466733
