,Power,Var2,Var3,Eta
last_value,56.9145,0.027182110000000002,26.92364,0.7774053442011615
MaxScala,100.0,0.03,40.0,100.0
Media,51.17494158219354,0.026,26.9,0.69900768828997
Dev,1.0755005674545282,0.006,0.5,0.014690454784466733
