,Power,Var2,Var3,Eta
last_value,49.9045,0.026934609999999998,26.45818,0.7000202250991306
MaxScala,100.0,0.03,40.0,100.0
Media,49.83231616676061,0.026,26.9,0.69900768828997
Dev,1.0472837419627448,0.006,0.5,0.014690454784466733
