QMean,QDev,PMean,PDev,BarMean,BarDev,etaMean,etaDev,Energy,Resa,Availability
0.030407978545454545,0.00018199005490728638,64.29127272727276,1.2477524077614046,26.718017090909093,0.31514554458462096,0.7909739923919189,0.002648750483486632,904.3103269696974,189.90516866363643,1.0
