QMean,QDev,PMean,PDev,BarMean,BarDev,etaMean,etaDev,Energy,Resa,Availability
0.02714961355555556,9.368658948633074e-05,57.40773333333333,0.5326935704511546,26.94343533333334,0.1518026298205811,0.7844909989497911,0.0022840098588351324,648.9784787407408,136.28548053555556,1.0
