QMean,QDev,PMean,PDev,BarMean,BarDev,etaMean,etaDev,Energy,Resa,Availability
0.027028696875,0.0002010075955100564,57.151703125,1.3313273267411494,26.84656375,0.37630827470431394,0.7872269899398745,0.0032650125328521186,919.4438994965277,193.0832188942708,1.0
