QMean,QDev,PMean,PDev,BarMean,BarDev,etaMean,etaDev,Energy,Resa,Availability
0.02714632173913044,0.00021375931615908938,57.3923152173913,1.6274457726847005,26.909408043478255,0.46143214590257925,0.7852263502566997,0.005177020804658013,660.9362789673913,138.79661858315217,1.0
