QMean,QDev,PMean,PDev,BarMean,BarDev,etaMean,etaDev,Energy,Resa,Availability
0.030787197872340424,0.0002402745246316436,66.42153191489362,1.5081990718969436,27.07508808510639,0.37612287366807845,0.796449575032618,0.0025671869587215092,771.3015889361702,161.97333367659573,1.0
