QMean,QDev,PMean,PDev,BarMean,BarDev,etaMean,etaDev,Energy,Resa,Availability
0.03057703390625,0.0001782487402271157,65.685703125,1.250976308474799,27.0101153125,0.3163818333170021,0.7949739767707086,0.00208578730927032,1052.5951465494793,221.04498077539066,1.0
