QMean,QDev,PMean,PDev,BarMean,BarDev,etaMean,etaDev,Energy,Resa,Availability
0.03090158323943662,0.0002854795625144639,66.53646478873239,1.9331004657627073,27.100308591549297,0.49363659651380654,0.7940731986406951,0.0021927951380699305,1171.8919684428795,246.09731337300468,1.0
