QMean,QDev,PMean,PDev,BarMean,BarDev,etaMean,etaDev,Energy,Resa,Availability
0.027029668108108106,6.968273045344694e-05,50.49394594594594,0.4599961630830546,26.568895405405407,0.11771215971068824,0.7028465322159084,0.003729271014407915,483.66187168168165,101.56899305315314,1.0
