QMean,QDev,PMean,PDev,BarMean,BarDev,etaMean,etaDev,Energy,Resa,Availability
0.03086366547619048,7.776018494620798e-05,66.60863095238095,0.27139160906432236,27.073853571428565,0.07032347267217007,0.7968488992297781,0.0025805234966761073,697.1703373015873,146.40577083333332,1.0
