QMean,QDev,PMean,PDev,BarMean,BarDev,etaMean,etaDev,Energy,Resa,Availability
0.027139024871794877,9.274308483093481e-05,57.30655128205128,0.4613728926671994,26.91505923076923,0.13662117869729776,0.7842449367707328,0.0020165422783944282,563.1801327243589,118.26782787211538,1.0
