QMean,QDev,PMean,PDev,BarMean,BarDev,etaMean,etaDev,Energy,Resa,Availability
0.03057394514705882,0.00017349907617564416,65.66733088235296,1.2158861589582641,27.004413382352944,0.30778285763625,0.7950037005203728,0.002039400709893913,1109.2124232291671,232.9346088781251,1.0
