QMean,QDev,PMean,PDev,BarMean,BarDev,etaMean,etaDev,Energy,Resa,Availability
0.0269662243939394,7.637973440424511e-05,50.07634848484849,0.4701765462237738,26.52832106060606,0.12108128102866175,0.699740615645385,0.0035726532624979932,842.5067430639732,176.92641604343436,1.0
