QMean,QDev,PMean,PDev,BarMean,BarDev,etaMean,etaDev,Energy,Resa,Availability
0.027028936857142857,6.950485708706867e-05,50.491457142857136,0.46719889266363035,26.564936000000003,0.11814485426676137,0.7029346319800537,0.0037012123619939745,452.22112573809517,94.96643640499998,1.0
