QMean,QDev,PMean,PDev,BarMean,BarDev,etaMean,etaDev,Energy,Resa,Availability
0.030506941538461535,3.462272319930524e-05,64.79482051282051,0.3731485833019472,26.917764358974356,0.005829622758992397,0.7887591971531124,0.0045341143482931345,646.8142957692307,135.83100211153845,1.0
