QMean,QDev,PMean,PDev,BarMean,BarDev,etaMean,etaDev,Energy,Resa,Availability
0.027023711451612902,0.00020226228394329328,57.13958064516128,1.3508684249625773,26.841614032258068,0.3812916013155034,0.7873464660944154,0.003247606966385863,899.488104094982,188.8925018599462,1.0
