QMean,QDev,PMean,PDev,BarMean,BarDev,etaMean,etaDev,Energy,Resa,Availability
0.030877312244897957,0.00023445626967270048,65.79704081632653,1.6276464097182541,27.074063469387756,0.40323533093276054,0.7866649076173976,0.003162742622194537,808.93806292517,169.8769932142857,1.0
