QMean,QDev,PMean,PDev,BarMean,BarDev,etaMean,etaDev,Energy,Resa,Availability
0.027096706111111108,0.00027250849321400135,57.201388888888886,1.7810050654644072,26.94459694444444,0.5225643534203838,0.7830031274321104,0.0030068341760020006,522.6141338734567,109.7489681134259,1.0
