QMean,QDev,PMean,PDev,BarMean,BarDev,etaMean,etaDev,Energy,Resa,Availability
0.030715198918918916,5.847104045426412e-05,65.42755405405408,0.3644034885721674,26.843440810810815,0.06681068976526255,0.7932500133678468,0.003396390478757703,607.7492798798802,127.62734877477483,1.0
