QMean,QDev,PMean,PDev,BarMean,BarDev,etaMean,etaDev,Energy,Resa,Availability
0.03090181214285714,0.0002875050014863982,66.54217142857144,1.9462654511465105,27.101793571428573,0.496992579384199,0.7940897781376469,0.0022039793055201574,1169.1644359365082,245.5245315466667,1.0
