QMean,QDev,PMean,PDev,BarMean,BarDev,etaMean,etaDev,Energy,Resa,Availability
0.030866509756097567,7.651371483908684e-05,66.6010487804878,0.27025039890492175,27.07179682926829,0.06991668032384984,0.7967450619289208,0.002523621773363439,685.3247919512194,143.91820630975607,1.0
