QMean,QDev,PMean,PDev,BarMean,BarDev,etaMean,etaDev,Energy,Resa,Availability
0.030791279130434782,0.00024125510142681162,66.43940217391305,1.5195737553796966,27.080119565217398,0.37862114866605423,0.7964085184506388,0.0025796306502014073,758.8487051630436,159.35822808423916,1.0
