QMean,QDev,PMean,PDev,BarMean,BarDev,etaMean,etaDev,Energy,Resa,Availability
0.030912354666666666,0.00030905967953599,66.622375,2.0907918408763217,27.12351666666667,0.5335375657429278,0.7941146480625386,0.0023437199837870503,997.3554599652779,209.44464659270835,1.0
