QMean,QDev,PMean,PDev,BarMean,BarDev,etaMean,etaDev,Energy,Resa,Availability
0.03057726290322581,0.0001808531892428588,65.69576612903226,1.2697176937875896,27.013520645161293,0.32086649390246585,0.7949873713101125,0.002102444148530793,1008.6124983198926,211.80862464717742,1.0
