QMean,QDev,PMean,PDev,BarMean,BarDev,etaMean,etaDev,Energy,Resa,Availability
0.03053936,0.0001348894181501603,64.76023333333333,0.8794489284647395,26.97882888888889,0.21804257080999595,0.7856869910865367,0.002808659262327204,741.1269036388888,155.63664976416666,1.0
