QMean,QDev,PMean,PDev,BarMean,BarDev,etaMean,etaDev,Energy,Resa,Availability
0.027226029714285716,0.0002522029142743794,51.66141428571429,1.7394457634780205,26.870183142857144,0.5008358456350539,0.7056956550001529,0.004831427282637078,466.07205921428573,97.875132435,1.0
