QMean,QDev,PMean,PDev,BarMean,BarDev,etaMean,etaDev,Energy,Resa,Availability
0.030900950694444446,0.00028354023333130923,66.53459722222223,1.9196937176837627,27.0996225,0.49023066676069843,0.7940894655790268,0.002181823873399586,1187.5131875887346,249.37776939363425,1.0
