QMean,QDev,PMean,PDev,BarMean,BarDev,etaMean,etaDev,Energy,Resa,Availability
0.030855745869565222,0.00021355016884926163,65.92909782608696,1.3619423255185037,27.050948260869568,0.36254341301844445,0.7895176738752676,0.002954437300502616,759.8328524456522,159.56489901358694,1.0
