QMean,QDev,PMean,PDev,BarMean,BarDev,etaMean,etaDev,Energy,Resa,Availability
0.030421137659574472,0.00019352240957939764,64.35156382978722,1.3385144854803233,26.737060425531915,0.3365298277631377,0.7907977672404565,0.0027823880487076033,777.4383928014183,163.26206248829786,1.0
