QMean,QDev,PMean,PDev,BarMean,BarDev,etaMean,etaDev,Energy,Resa,Availability
0.030601970357142856,0.00015887477723896143,65.284,0.9801461807885011,26.97708017857143,0.24602708822615346,0.7904627997711857,0.001877988310229669,932.3461922222224,195.7927003666667,1.0
