QMean,QDev,PMean,PDev,BarMean,BarDev,etaMean,etaDev,Energy,Resa,Availability
0.03079855318181818,0.00024419613548402126,66.49109090909091,1.533411267969405,27.09310022727273,0.3820853491486416,0.7964566510102263,0.0026055451273616745,734.8373730303031,154.31584833636364,1.0
