QMean,QDev,PMean,PDev,BarMean,BarDev,etaMean,etaDev,Energy,Resa,Availability
0.030650862222222224,0.00023310123413695802,64.98706944444444,1.5883760450394753,26.865202777777778,0.40896557999428484,0.7888135200172408,0.0018554921699753116,579.8110231905864,121.76031487002314,1.0
