QMean,QDev,PMean,PDev,BarMean,BarDev,etaMean,etaDev,Energy,Resa,Availability
0.030794734444444444,0.0002427925941077696,66.46096666666666,1.529387645795242,27.086223333333336,0.3805599069383019,0.7963967308665694,0.0026069101200507246,746.8181901574075,156.83181993305556,1.0
