QMean,QDev,PMean,PDev,BarMean,BarDev,etaMean,etaDev,Energy,Resa,Availability
0.027284671368421057,0.00025580268941679304,52.49630526315791,1.6231897079106423,26.79328336842105,0.4863420631258371,0.7176643395977993,0.00436552342535854,1259.9113263157897,264.5813785263158,1.0
