QMean,QDev,PMean,PDev,BarMean,BarDev,etaMean,etaDev,Energy,Resa,Availability
0.02719680905263157,0.00018507852319359905,57.7274,1.288434534823681,26.999369578947373,0.353129256862773,0.7857716077100524,0.003148129147287715,1385.4576000000002,290.946096,1.0
