QMean,QDev,PMean,PDev,BarMean,BarDev,etaMean,etaDev,Energy,Resa,Availability
0.02699978663157895,0.00017353364487135629,56.84966842105264,1.2150885101192521,26.79133147368421,0.3293933846584894,0.7855344654632329,0.003992793845619426,1364.3920421052635,286.5223288421053,1.0
