QMean,QDev,PMean,PDev,BarMean,BarDev,etaMean,etaDev,Energy,Resa,Availability
0.030755423229166662,0.0001745254197011544,66.19144791666666,1.0911295549203404,27.011288645833332,0.2732994639494218,0.7964335412182563,0.0020541807607739734,1588.5947499999997,333.60489749999994,1.0
