QMean,QDev,PMean,PDev,BarMean,BarDev,etaMean,etaDev,Energy,Resa,Availability
0.027181139583333333,0.00016911451399444227,57.72405729166667,1.2522244225897232,26.965095729166666,0.34809658395918197,0.787191198897851,0.004941487622249153,1385.377375,290.92924875,1.0
