QMean,QDev,PMean,PDev,BarMean,BarDev,etaMean,etaDev,Energy,Resa,Availability
0.027081435263157896,0.00018551240980389046,50.79034736842107,1.1933619009770684,26.663331473684217,0.35490321833889016,0.7030319938157488,0.0036935988217707094,1218.9683368421056,255.98335073684217,1.0
