QMean,QDev,PMean,PDev,BarMean,BarDev,etaMean,etaDev,Energy,Resa,Availability
0.030898711458333335,0.0002489804977343405,66.497265625,1.6739490747822026,27.088922499999995,0.42789739169182456,0.7940527507685262,0.0020199579284281666,1595.9343749999998,335.14621874999995,1.0
