QMean,QDev,PMean,PDev,BarMean,BarDev,etaMean,etaDev,Energy,Resa,Availability
0.02708767336842106,0.00016308742878146215,50.73725789473684,1.0339845332833815,26.656268631578943,0.3091333146807311,0.7023507091629791,0.004184767032065466,1217.6941894736842,255.7157797894737,1.0
