QMean,QDev,PMean,PDev,BarMean,BarDev,etaMean,etaDev,Energy,Resa,Availability
0.027035161052631578,0.0002033800398811295,50.41319999999998,1.2649650055488324,26.642316947368414,0.3792010114606589,0.6995436309311093,0.003792828737520525,1209.9167999999995,254.08252799999988,1.0
