QMean,QDev,PMean,PDev,BarMean,BarDev,etaMean,etaDev,Energy,Resa,Availability
0.026986760210526314,0.00037519778354462314,50.589857894736845,2.6168705000470736,26.96338894736842,0.7631073755672971,0.6944810802888252,0.009230938548563784,1214.1565894736843,254.9728837894737,1.0
