QMean,QDev,PMean,PDev,BarMean,BarDev,etaMean,etaDev,Energy,Resa,Availability
0.030755257604166666,0.00017464637595691738,66.19409895833333,1.0896792595276596,27.01204625,0.27282821545896035,0.7964475771658431,0.002062174191687682,1588.658375,333.61825875,1.0
