QMean,QDev,PMean,PDev,BarMean,BarDev,etaMean,etaDev,Energy,Resa,Availability
0.030872480625,0.00017150397347080935,65.9589375,1.1837982462229018,27.047292083333332,0.2914427289112613,0.7895666944905031,0.003998680083635899,1583.0145000000002,332.43304500000005,1.0
