QMean,QDev,PMean,PDev,BarMean,BarDev,etaMean,etaDev,Energy,Resa,Availability
0.027087048125,0.00023901767500155956,57.204010416666655,1.618183042571666,26.90413020833334,0.44747400089041317,0.784516193785248,0.004397801619488734,1372.8962499999998,288.30821249999997,1.0
