QMean,QDev,PMean,PDev,BarMean,BarDev,etaMean,etaDev,Energy,Resa,Availability
0.027089609052631584,0.0002568907364705191,50.726326315789485,1.6325180417612235,26.741666315789477,0.501888256063885,0.6997904981550276,0.004080389839173982,1217.4318315789476,255.660684631579,1.0
