QMean,QDev,PMean,PDev,BarMean,BarDev,etaMean,etaDev,Energy,Resa,Availability
0.02036134443061578,0.011707665499278503,38.744234375,22.389834690280523,26.633144479166663,0.35350084711965296,0.7170403444610896,0.003600416650865158,929.861625,195.27094125,0.75
