QMean,QDev,PMean,PDev,BarMean,BarDev,etaMean,etaDev,Energy,Resa,Availability
0.02700334863157895,0.0002340400671392583,50.38382631578947,1.6384187527330976,26.718948842105263,0.4718899057437758,0.6978615660886539,0.005092313818424205,1209.2118315789473,253.93448463157893,1.0
