QMean,QDev,PMean,PDev,BarMean,BarDev,etaMean,etaDev,Energy,Resa,Availability
0.030563173437499997,0.0001578666034243,64.98886979166667,1.0101299221428357,26.99217916666667,0.24721068469301413,0.7874475778871307,0.0035521095535977145,1559.7328750000001,327.54390375,1.0
