QMean,QDev,PMean,PDev,BarMean,BarDev,etaMean,etaDev,Energy,Resa,Availability
27.132864270833334,0.2179724208985738,51.80527083333334,1.496489021072648,26.908770416666666,0.43104869104535,0.0007091346213088425,4.557840948815764e-06,1243.3265000000001,261.098565,0.8429577865972921
