QMean,QDev,PMean,PDev,BarMean,BarDev,etaMean,etaDev,Energy,Resa,Availability
0.03090067489583333,0.0002492404033633775,66.5194375,1.670747852525554,27.092502187500003,0.427289341962317,0.794163141292516,0.0021391547190321453,1596.4665,335.257965,1.0
