QMean,QDev,PMean,PDev,BarMean,BarDev,etaMean,etaDev,Energy,Resa,Availability
0.03075661073684211,0.0001750618479716425,66.20524210526315,1.0899447471827908,27.014450526315787,0.27324683284481643,0.7964758648776344,0.002054387384667487,1588.9258105263157,333.6744202105263,1.0
