QMean,QDev,PMean,PDev,BarMean,BarDev,etaMean,etaDev,Energy,Resa,Availability
0.03075532864583333,0.00017460743799556337,66.19284895833333,1.0902818971290171,27.010815208333337,0.273549990731353,0.7964670770111667,0.0020587167366432077,1588.6283749999998,333.6119587499999,1.0
