QMean,QDev,PMean,PDev,BarMean,BarDev,etaMean,etaDev,Energy,Resa,Availability
0.015660310447801692,0.01335497777345332,29.491484210526323,25.17423836912529,26.58321705263158,0.40740447022034926,0.7132913369838811,0.0051356167470582754,707.7956210526318,148.63708042105267,0.5789473684210527
