QMean,QDev,PMean,PDev,BarMean,BarDev,etaMean,etaDev,Energy,Resa,Availability
0.030544961157894738,0.0001409310614364574,64.90249999999999,0.7218934350573822,26.97129315789474,0.18509422923281782,0.7875079470892353,0.0037574733324723113,1557.6599999999999,327.10859999999997,1.0
