QMean,QDev,PMean,PDev,BarMean,BarDev,etaMean,etaDev,Energy,Resa,Availability
0.030813987604166666,0.0001598560708284746,65.66472395833334,1.0301697166754435,26.971041770833335,0.26706517632247717,0.7897819048809342,0.003528421386009189,1575.953375,330.95020875,1.0
