QMean,QDev,PMean,PDev,BarMean,BarDev,etaMean,etaDev,Energy,Resa,Availability
0.027079451368421055,0.00020378948151468027,50.79204210526316,1.3638631156487617,26.656364736842104,0.4060693286719506,0.7032571618205953,0.004056699919029682,1219.0090105263157,255.9918922105263,1.0
