QMean,QDev,PMean,PDev,BarMean,BarDev,etaMean,etaDev,Energy,Resa,Availability
0.027006360210526315,0.0001534280880479873,50.345142105263164,1.0179350373832357,26.58826947368421,0.2978926495811197,0.7008044013715643,0.003935905605918044,1208.283410526316,253.73951621052635,1.0
