QMean,QDev,PMean,PDev,BarMean,BarDev,etaMean,etaDev,Energy,Resa,Availability
0.0191510125815804,0.01233401641077709,36.43265789473684,23.572693830748904,26.641397894736844,0.3619629919637607,0.717112290352927,0.0037246083735322346,874.3837894736841,183.62059578947367,0.7052631578947368
