QMean,QDev,PMean,PDev,BarMean,BarDev,etaMean,etaDev,Energy,Resa,Availability
0.03056669770833333,0.00014797289790898074,65.57299479166667,1.0344196629199265,26.981990208333333,0.2614098492708144,0.7947278980671065,0.0018930385846395448,1573.7518750000002,330.48789375,1.0
