QMean,QDev,PMean,PDev,BarMean,BarDev,etaMean,etaDev,Energy,Resa,Availability
0.027189900842105263,0.0002233029725291259,51.29414736842105,1.4979751647046833,26.763694947368425,0.43996644427519144,0.7044616495567612,0.004389636530105452,1231.0595368421052,258.5225027368421,1.0
