QMean,QDev,PMean,PDev,BarMean,BarDev,etaMean,etaDev,Energy,Resa,Availability
0.030470435157894733,0.00019139854539876905,64.63517894736843,1.3327797680348785,26.8008234736842,0.33594990803538893,0.7911136334059058,0.0027210231094212784,1551.2442947368422,325.76130189473685,1.0
