QMean,QDev,PMean,PDev,BarMean,BarDev,etaMean,etaDev,Energy,Resa,Availability
0.029591069270833336,0.0061713520106095624,63.93498958333333,13.3598962629259,27.105512291666667,0.2644603631827428,0.79749380159873,0.002950028592794547,1534.43975,322.2323475,0.9583333333333334
