QMean,QDev,PMean,PDev,BarMean,BarDev,etaMean,etaDev,Energy,Resa,Availability
0.026974953263157894,7.631623305889246e-05,50.132331578947365,0.4792394995721226,26.530642631578946,0.12420797064186145,0.7002342215961167,0.0035849154193014045,1203.1759578947367,252.6669511578947,1.0
