QMean,QDev,PMean,PDev,BarMean,BarDev,etaMean,etaDev,Energy,Resa,Availability
0.02706797863157895,0.0002685018329511502,50.7579894736842,1.7488290774099273,26.728920000000002,0.5270038707018545,0.7010911883648807,0.004607274268026273,1218.1917473684207,255.82026694736834,1.0
