QMean,QDev,PMean,PDev,BarMean,BarDev,etaMean,etaDev,Energy,Resa,Availability
0.03059008705263158,0.0001258489963314322,65.15871052631579,0.7699435337428029,26.947044842105267,0.19231671337098383,0.7901480769086314,0.001755340688757717,1563.8090526315789,328.39990105263155,1.0
