QMean,QDev,PMean,PDev,BarMean,BarDev,etaMean,etaDev,Energy,Resa,Availability
0.026684053481854163,0.0027516921646186026,50.056635416666666,5.5025157345295845,26.637027812500005,0.5942399814086813,0.704144643317359,0.012042947372887742,1201.35925,252.2854425,0.9895833333333334
