QMean,QDev,PMean,PDev,BarMean,BarDev,etaMean,etaDev,Energy,Resa,Availability
0.030461448210526317,0.0001934414711209297,64.5903,1.3431476706837413,26.789933473684208,0.338889536782364,0.7911173153193853,0.0025732870751280223,1550.1671999999999,325.53511199999997,1.0
