QMean,QDev,PMean,PDev,BarMean,BarDev,etaMean,etaDev,Energy,Resa,Availability
0.027108707368421057,0.0002520657953046158,51.01956315789475,1.6175164560166806,26.78863315789474,0.4979561565804199,0.7021156000519715,0.004007465579352572,1224.469515789474,257.1385983157895,1.0
