QMean,QDev,PMean,PDev,BarMean,BarDev,etaMean,etaDev,Energy,Resa,Availability
0.027140352947368416,0.00026026657975752735,51.389463157894745,1.7857909986187976,26.805206631578944,0.5345712409588013,0.7058980400394027,0.0047907616597514776,1233.347115789474,259.00289431578955,1.0
