QMean,QDev,PMean,PDev,BarMean,BarDev,etaMean,etaDev,Energy,Resa,Availability
0.029591660625,0.006171465470078604,63.93502604166667,13.35990441219426,27.1051903125,0.2644148569776806,0.7974881124851159,0.0029435541426455635,1534.440625,322.23253124999997,0.9583333333333334
