QMean,QDev,PMean,PDev,BarMean,BarDev,etaMean,etaDev,Energy,Resa,Availability
0.030552553229166664,0.00013427230558407842,64.95378125,0.833419958453383,26.9660046875,0.20353828960497572,0.7880766658965164,0.0037088378541996047,1558.89075,327.3670575,1.0
