QMean,QDev,PMean,PDev,BarMean,BarDev,etaMean,etaDev,Energy,Resa,Availability
0.030569484105263153,0.00014874086721539904,65.57525263157896,1.0395987785621013,26.983446526315795,0.2625236620784713,0.7946394755550693,0.0019295741054100198,1573.806063157895,330.49927326315793,1.0
