QMean,QDev,PMean,PDev,BarMean,BarDev,etaMean,etaDev,Energy,Resa,Availability
0.02712335884210526,0.00023707193988262688,51.311657894736825,1.6228119102723777,26.780690105263158,0.4874933989803992,0.7059591619752513,0.004538591007280658,1231.479789473684,258.6107557894736,1.0
