QMean,QDev,PMean,PDev,BarMean,BarDev,etaMean,etaDev,Energy,Resa,Availability
0.030806229166666668,0.00018173926703560502,66.04309895833332,1.2129232028188814,26.989584375000003,0.2947193288106657,0.7939618520486514,0.0034584463979795976,1585.0343749999997,332.85721874999996,1.0
