QMean,QDev,PMean,PDev,BarMean,BarDev,etaMean,etaDev,Energy,Resa,Availability
0.02708937042105264,0.00016250594276366308,50.75019999999999,1.0281743846562013,26.66007736842105,0.30795645920951925,0.702386809101784,0.004203193439796364,1218.0047999999997,255.78100799999993,1.0
