QMean,QDev,PMean,PDev,BarMean,BarDev,etaMean,etaDev,Energy,Resa,Availability
0.02703432484210526,0.00023974104383409032,50.562826315789465,1.5379519152164687,26.66442242105263,0.4718411701046418,0.7010097738556028,0.004312840402644957,1213.5078315789472,254.8366446315789,1.0
