QMean,QDev,PMean,PDev,BarMean,BarDev,etaMean,etaDev,Energy,Resa,Availability
0.03056830625,0.00014792244571515916,65.57048958333333,1.035020015353887,26.983543125,0.26105189127879225,0.7946098226421291,0.0019186876831535373,1573.69175,330.4752675,1.0
