QMean,QDev,PMean,PDev,BarMean,BarDev,etaMean,etaDev,Energy,Resa,Availability
0.030899042604166666,0.00024894164249312855,66.49561458333334,1.6742254077743912,27.088505729166666,0.4279678537206017,0.7940366908146208,0.0020228277329568996,1595.89475,335.13789749999995,1.0
