QMean,QDev,PMean,PDev,BarMean,BarDev,etaMean,etaDev,Energy,Resa,Availability
0.027004216666666664,0.00017449249233889388,56.869114583333335,1.2114334731165914,26.796592291666666,0.32889933828756507,0.7855209538392204,0.003972826015254488,1364.85875,286.6203375,1.0
