QMean,QDev,PMean,PDev,BarMean,BarDev,etaMean,etaDev,Energy,Resa,Availability
0.030575354583333336,0.00015912012691488703,64.54519791666667,1.0412045120095246,26.72592895833333,0.27560531678954414,0.7895449443132853,0.0018282460125990223,1549.08475,325.3077975,1.0
