QMean,QDev,PMean,PDev,BarMean,BarDev,etaMean,etaDev,Energy,Resa,Availability
0.026950950833333334,0.00036289437293752895,50.38678124999999,2.5598175989020073,26.903031666666674,0.7453775011608584,0.6941871614741802,0.009143220438014433,1209.2827499999999,253.94937749999997,1.0
