QMean,QDev,PMean,PDev,BarMean,BarDev,etaMean,etaDev,Energy,Resa,Availability
0.02707015305263158,0.0002644171477800847,50.598289473684225,1.6951012601005464,26.711829052631582,0.5139851112569697,0.6992872677587275,0.004430746550817612,1214.3589473684215,255.0153789473685,1.0
