QMean,QDev,PMean,PDev,BarMean,BarDev,etaMean,etaDev,Energy,Resa,Availability
0.026952270736842105,0.00018602378157102223,49.99447368421051,1.3333954646304118,26.59628852631578,0.3793478761991103,0.6970482744211175,0.004610963790279958,1199.8673684210523,251.972147368421,1.0
