QMean,QDev,PMean,PDev,BarMean,BarDev,etaMean,etaDev,Energy,Resa,Availability
0.02719943831578947,0.00018560184510569162,57.74772631578949,1.2964521623675436,27.006106421052625,0.355217170216566,0.7857750348089122,0.0032291806537366966,1385.9454315789478,291.04854063157904,1.0
