QMean,QDev,PMean,PDev,BarMean,BarDev,etaMean,etaDev,Energy,Resa,Availability
0.02435051288925481,0.008220128875552667,46.007997981157466,15.60845762737997,25.02590858398385,5.985802558664525,0.7055501853396107,0.005423537999402684,8553.155204685396,1796.162592983933,0.8977119784656796
