QMean,QDev,PMean,PDev,BarMean,BarDev,etaMean,etaDev,Energy,Resa,Availability
0.03018638644991884,0.0038678602283578416,64.71783004024881,8.475088036596773,26.62498147211855,2.963578120933999,0.7949374788253281,0.015536929073938294,44229.567269156905,9288.20912652295,0.9835345773874863
