QMean,QDev,PMean,PDev,BarMean,BarDev,etaMean,etaDev,Energy,Resa,Availability
0.027138379692307694,0.00019151139379134955,51.05094923076923,1.26912336299487,26.687570246153847,0.3580073465485152,0.7045024926266767,0.005230991682156387,4164.66553415,874.5797621715,1.0
