QMean,QDev,PMean,PDev,BarMean,BarDev,etaMean,etaDev,Energy,Resa,Availability
0.027147319745222928,0.00020859466357900543,57.47695632393085,1.4378553978214135,26.929533912647862,0.40192627955630866,0.7858030726999325,0.004206636768137235,15823.67749493858,3322.972273937102,1.0
