QMean,QDev,PMean,PDev,BarMean,BarDev,etaMean,etaDev,Energy,Resa,Availability
0.018037504859704467,0.014863358041549198,36.98376402805611,31.954984107730823,16.75475790721443,12.462570906287873,0.7540529093983853,0.16385815052271274,9396.310827591431,1973.2252737942003,0.5731462925851704
