QMean,QDev,PMean,PDev,BarMean,BarDev,etaMean,etaDev,Energy,Resa,Availability
0.026373755050086285,0.0042554932628515695,49.73202365863963,8.232120044521228,26.79329307562315,0.5129367279507107,0.7033224522359246,0.01190780551114463,29433.81531565977,6181.101216288551,0.9746514575411914
