QMean,QDev,PMean,PDev,BarMean,BarDev,etaMean,etaDev,Energy,Resa,Availability
0.021212689866783114,0.014193072710731105,44.98679858030169,30.5559303420377,20.310579525554573,10.057949699551603,0.7856988772406884,0.06937202014164853,25351.185669964507,5323.748990692547,0.6845607808340728
