QMean,QDev,PMean,PDev,BarMean,BarDev,etaMean,etaDev,Energy,Resa,Availability
0.024238896175163373,0.008379360525748126,45.845898174157306,15.92452650140831,24.965647384691007,6.107564298649531,0.7058509451470354,0.005286944185345406,8168.019833453301,1715.284165025193,0.8932584269662921
