QMean,QDev,PMean,PDev,BarMean,BarDev,etaMean,etaDev,Energy,Resa,Availability
0.03012127802977715,0.0036107538826629024,64.29166430976431,7.770870450201212,26.989198808080808,0.2908361043778616,0.7909828188314797,0.003884425208303319,23880.76367315348,5014.960371362231,0.9858585858585859
