QMean,QDev,PMean,PDev,BarMean,BarDev,etaMean,etaDev,Energy,Resa,Availability
0.017327433991114034,0.015172498088030723,36.56153580323786,32.602966253882485,17.60845925940224,10.795869486329938,0.7823203042948046,0.09062447886339182,14682.026088488396,3083.225478582563,0.5572851805728518
