QMean,QDev,PMean,PDev,BarMean,BarDev,etaMean,etaDev,Energy,Resa,Availability
0.027146929332113448,0.00020904118733272456,57.473725983531565,1.4406658882084542,26.92844509606587,0.40267496331326164,0.785801495405804,0.004211769324873274,15737.88670175549,3304.9562073686525,1.0
