QMean,QDev,PMean,PDev,BarMean,BarDev,etaMean,etaDev,Energy,Resa,Availability
0.02700650073548158,0.001212973043646336,50.90917041646721,2.95045978975451,26.823854313068455,0.5195049226754088,0.7022059287752304,0.0118002901691693,26589.23748532685,5583.739871918638,0.9980852082336046
