QMean,QDev,PMean,PDev,BarMean,BarDev,etaMean,etaDev,Energy,Resa,Availability
0.030118634214095507,0.0036202747048375526,64.28649559918755,7.790223853394688,26.988414008124572,0.28921055025357717,0.7910151256500764,0.003865804473258539,23743.467140444594,4986.128099493365,0.985781990521327
