QMean,QDev,PMean,PDev,BarMean,BarDev,etaMean,etaDev,Energy,Resa,Availability
0.01724277783191049,0.015182098401049086,36.37670238095238,32.62095599401926,17.549793872556393,10.804088721315567,0.7821907585390242,0.09111981762009497,14513.223053568121,3047.776841249305,0.5545112781954887
