QMean,QDev,PMean,PDev,BarMean,BarDev,etaMean,etaDev,Energy,Resa,Availability
0.02522483505656858,0.00690410195451861,47.56030568285976,13.10617523980247,25.57183532346471,5.009703128658453,0.704307102545333,0.0055300521866267415,12986.645324213387,2727.1955180848113,0.9303391384051329
