QMean,QDev,PMean,PDev,BarMean,BarDev,etaMean,etaDev,Energy,Resa,Availability
0.025886325339492193,0.006161719682869901,47.944795454545456,14.06693416232988,26.428161149286986,2.96843428239099,0.6883101940678599,0.10731190135253661,26903.569387380052,5649.749571349811,0.946524064171123
