QMean,QDev,PMean,PDev,BarMean,BarDev,etaMean,etaDev,Energy,Resa,Availability
0.02431847515901406,0.00826524152380264,45.95698501362397,15.696998644147879,25.008487817302452,6.020302780422144,0.7055812448564409,0.005449464224924799,8441.327943985769,1772.6788682370113,0.896457765667575
