QMean,QDev,PMean,PDev,BarMean,BarDev,etaMean,etaDev,Energy,Resa,Availability
0.017938166161601068,0.014881987738203597,36.7659595959596,31.991471599567646,16.675150799393936,12.481191850549923,0.7535391171038558,0.16490346403850834,9267.993733249159,1946.2786839823234,0.5696969696969697
