QMean,QDev,PMean,PDev,BarMean,BarDev,etaMean,etaDev,Energy,Resa,Availability
0.029912663253999217,0.0013824603482556759,63.92490635973468,3.205628889114803,26.999216913772923,0.24102040220375123,0.7911348201323949,0.005894176625702885,40968.92202148252,8603.473624511329,1.0
