QMean,QDev,PMean,PDev,BarMean,BarDev,etaMean,etaDev,Energy,Resa,Availability
0.03018606066189242,0.0038692575048129224,64.71740205053094,8.478174796915635,26.62485729523984,2.96465951615688,0.7949371720718378,0.015542645701862853,44205.311355895785,9283.115384738114,0.9835225192237276
