QMean,QDev,PMean,PDev,BarMean,BarDev,etaMean,etaDev,Energy,Resa,Availability
0.01734427897371215,0.01517057112511037,36.59848600746269,32.59950458305454,17.620169676990052,10.794255588867319,0.7823461749696836,0.09052642004024021,14707.03043837609,3088.476392058979,0.5578358208955224
