QMean,QDev,PMean,PDev,BarMean,BarDev,etaMean,etaDev,Energy,Resa,Availability
0.026993928256129777,0.0013301622518137046,50.885406976744186,3.1169955466162835,26.815870148837206,0.5186215317913944,0.7024371161151135,0.011827066040951392,27343.075551259688,5742.045865764534,0.9976744186046511
