QMean,QDev,PMean,PDev,BarMean,BarDev,etaMean,etaDev,Energy,Resa,Availability
0.025246105142210817,0.006872939413751041,47.60824092558983,13.05197892460226,25.589098818421053,4.988231005880675,0.7042647663313034,0.005542630645936879,13124.269572048295,2756.096610130142,0.9310344827586207
