QMean,QDev,PMean,PDev,BarMean,BarDev,etaMean,etaDev,Energy,Resa,Availability
0.030406882782501657,0.002015028622710903,64.73112459194778,4.382494136177263,26.967664026115347,0.2335388942731085,0.7892209486090833,0.004787320022013227,14906.373275373446,3130.3383878284235,0.9956474428726877
