QMean,QDev,PMean,PDev,BarMean,BarDev,etaMean,etaDev,Energy,Resa,Availability
0.01733587090835665,0.015171544569505268,36.5799399502178,32.60116453443846,17.614301139141258,10.79504885964338,0.7823319698559933,0.09057524313488098,14695.716525450374,3086.1004703445783,0.5575606720597387
