QMean,QDev,PMean,PDev,BarMean,BarDev,etaMean,etaDev,Energy,Resa,Availability
0.025679703207343658,0.005993001816111271,48.49864950607903,11.478992099434963,26.82664674012158,0.5710424095600263,0.7043489018908283,0.012103538893415122,31975.98140203009,6714.9560944263185,0.9483282674772037
