QMean,QDev,PMean,PDev,BarMean,BarDev,etaMean,etaDev,Energy,Resa,Availability
0.025928728482004643,0.00545659611852892,48.69823857302117,10.35541605444962,26.007525383444815,3.952628639473282,0.7023411487842313,0.005746127880699965,21856.959872959244,4589.961573321441,0.9576365663322185
