QMean,QDev,PMean,PDev,BarMean,BarDev,etaMean,etaDev,Energy,Resa,Availability
0.030708651046511628,0.00018548459106394958,65.50188856589146,1.2581528252448455,26.911210019379844,0.31064947500351725,0.7922524634181839,0.0033646344032985703,8444.63083869805,1773.3724761265905,1.0
