QMean,QDev,PMean,PDev,BarMean,BarDev,etaMean,etaDev,Energy,Resa,Availability
0.02591781779657451,0.005483093541731505,48.6836143018018,10.406696129529982,26.001939278096845,3.972210419378012,0.7023781674426004,0.005756115739971708,21623.287081835897,4540.890287185538,0.9572072072072072
