QMean,QDev,PMean,PDev,BarMean,BarDev,etaMean,etaDev,Energy,Resa,Availability
0.02991170684642439,0.0013833281278451451,63.922642243063706,3.207620942303671,26.9993513950762,0.24118463781490157,0.7911280292603625,0.0058961626459445825,40912.071345327335,8591.53498251874,1.0
