QMean,QDev,PMean,PDev,BarMean,BarDev,etaMean,etaDev,Energy,Resa,Availability
0.02700764711708563,0.0012157701795553772,50.91861976911977,2.954304994547258,26.825691904761904,0.520071205133557,0.7022587387671343,0.011801435432389597,26468.559360566982,5558.397465719066,0.9980759980759981
