QMean,QDev,PMean,PDev,BarMean,BarDev,etaMean,etaDev,Energy,Resa,Availability
0.027028828301204823,0.0001647181029279246,56.86872771084337,1.1261609107685067,26.854204951807226,0.31786381859416274,0.7831325304295038,0.0036612239639739457,11814.020072732263,2480.944215273775,1.0
