QMean,QDev,PMean,PDev,BarMean,BarDev,etaMean,etaDev,Energy,Resa,Availability
0.025386510047224246,0.006600429686468266,47.80153996669442,12.524841287627204,25.671317641881764,4.787293752956075,0.7036083424511133,0.005869887921285753,14359.88800472257,3015.5764809917396,0.9367194004995837
