QMean,QDev,PMean,PDev,BarMean,BarDev,etaMean,etaDev,Energy,Resa,Availability
0.026587871810546955,0.0035453779617735143,50.13699149585696,6.937855712205128,26.802027924116878,0.5128953371871247,0.70308266478588,0.011920393167911944,28749.219416944325,6037.336077558308,0.9825556040122111
