QMean,QDev,PMean,PDev,BarMean,BarDev,etaMean,etaDev,Energy,Resa,Availability
0.027133535502121643,0.00020175420785551663,51.013102545968884,1.3376959155725516,26.68808125884017,0.387133155209899,0.7040791049345049,0.004848574084761146,9030.424434524988,1896.3891312502474,1.0
