QMean,QDev,PMean,PDev,BarMean,BarDev,etaMean,etaDev,Energy,Resa,Availability
0.030186221953743854,0.003868558486208858,64.71755508784773,8.476626785166358,26.624915414824308,2.964118442172261,0.7949367342267758,0.015539770890051792,44217.42459013609,9285.65916392858,0.9835285505124451
