QMean,QDev,PMean,PDev,BarMean,BarDev,etaMean,etaDev,Energy,Resa,Availability
0.02334984043594166,0.009419094695285095,44.26651473296501,17.924735458485547,24.416706478637202,6.8974961487077,0.7070017771202861,0.0052352307674561425,6018.1064554711475,1263.8023556489409,0.860036832412523
