QMean,QDev,PMean,PDev,BarMean,BarDev,etaMean,etaDev,Energy,Resa,Availability
0.023305516474332072,0.009462085096165284,44.17608845437616,18.00158859349056,24.38712170931099,6.92963885952036,0.7069970980608299,0.00521199769556822,5938.358419343834,1247.055268062205,0.8584729981378026
