QMean,QDev,PMean,PDev,BarMean,BarDev,etaMean,etaDev,Energy,Resa,Availability
0.023919757935594886,0.00877269969908202,45.26028315132605,16.669143047129797,24.758773116848676,6.40072154322395,0.7063161390447747,0.005217221157734083,7267.4562379092995,1526.1658099609529,0.8814352574102964
