QMean,QDev,PMean,PDev,BarMean,BarDev,etaMean,etaDev,Energy,Resa,Availability
0.030186537537537746,0.0038671608671067914,64.71815252377469,8.473554722915578,26.625061449634234,2.963039035514674,0.7949387430256916,0.015534179227238001,44242.12006489434,9290.845213627812,0.9835405998536942
