QMean,QDev,PMean,PDev,BarMean,BarDev,etaMean,etaDev,Energy,Resa,Availability
0.030813618022284127,0.00133883853269034,66.69005106778087,3.079409404133344,27.203906155988857,0.27709625402233196,0.7952747370964202,0.0036405479686749073,35910.36949829774,7541.177594642525,0.9981429897864438
