QMean,QDev,PMean,PDev,BarMean,BarDev,etaMean,etaDev,Energy,Resa,Availability
0.027166793506329112,0.0006540359267129367,57.648787341772156,1.9950019385553914,26.992203778481016,0.388240099243492,0.7858524214068999,0.004140668779862604,22801.02417968917,4788.215077734726,0.9993670886075949
