QMean,QDev,PMean,PDev,BarMean,BarDev,etaMean,etaDev,Energy,Resa,Availability
0.0299111920023465,0.0013837457054929915,63.92150723504106,3.2086182972184876,26.999425545561206,0.24126436217720007,0.7911253458682712,0.005897553775601362,40876.046035359795,8583.969667425557,1.0
