QMean,QDev,PMean,PDev,BarMean,BarDev,etaMean,etaDev,Energy,Resa,Availability
0.02713897359133127,0.0001918716248737275,51.05412848297213,1.2721755827590338,26.687876037151703,0.3590325490592548,0.7045222926655826,0.0052321938423439815,4133.157879850791,867.9631547686661,1.0
