QMean,QDev,PMean,PDev,BarMean,BarDev,etaMean,etaDev,Energy,Resa,Availability
0.030813648941012545,0.0013391486517165773,66.68994449605201,3.080120493667735,27.203927394333487,0.2771588449707308,0.795272023512675,0.003639220416104264,35898.53022277983,7538.691346783764,0.9981421272642824
