QMean,QDev,PMean,PDev,BarMean,BarDev,etaMean,etaDev,Energy,Resa,Availability
0.03016918176793481,0.0034068638489080532,64.37611400359066,7.334684356401336,26.991590490724118,0.2834027054844065,0.7906434547243556,0.004047110482119731,26908.089071505834,5650.698705016225,0.9874326750448833
