QMean,QDev,PMean,PDev,BarMean,BarDev,etaMean,etaDev,Energy,Resa,Availability
0.02702919949519231,0.0001646941548844724,56.87031129807693,1.1252710372617958,26.85455543269231,0.31756282821437826,0.7831334696091184,0.0036568754529291347,11834.016699547275,2485.1435069049276,1.0
