QMean,QDev,PMean,PDev,BarMean,BarDev,etaMean,etaDev,Energy,Resa,Availability
0.023884644395451612,0.008814591885147863,45.198758675078864,16.750557983882665,24.73723100615142,6.432656792675226,0.7063701572386624,0.005221101010722951,7169.87908862776,1505.6746086118296,0.8801261829652997
