QMean,QDev,PMean,PDev,BarMean,BarDev,etaMean,etaDev,Energy,Resa,Availability
0.025262378793096427,0.006840834642808739,47.624967205750224,12.988436643668418,25.596938326954177,4.964142775466355,0.7041624528927326,0.005614681839301943,13258.962849129104,2784.382198317112,0.9317160826594789
