QMean,QDev,PMean,PDev,BarMean,BarDev,etaMean,etaDev,Energy,Resa,Availability
0.026634160874857142,0.003370371221243765,50.224654283216786,6.620931407796594,26.802276306818182,0.5132214133605215,0.7030789848020269,0.011921759941737489,28726.800192271516,6032.628040377018,0.9842657342657343
