QMean,QDev,PMean,PDev,BarMean,BarDev,etaMean,etaDev,Energy,Resa,Availability
0.018631264580601655,0.01496732858085496,39.40038745075971,32.1946302750428,18.51607218942037,10.633917484634154,0.7836818796584806,0.08319906865229883,17505.373253331145,3676.12838319954,0.5998874507597074
