QMean,QDev,PMean,PDev,BarMean,BarDev,etaMean,etaDev,Energy,Resa,Availability
0.030813160040089087,0.0013119501206494192,66.66190779510022,3.029569805320009,27.194844040089087,0.2815342938986387,0.7952133746332621,0.0036428360725571864,37416.588157525366,7857.483513080327,0.998218262806236
