QMean,QDev,PMean,PDev,BarMean,BarDev,etaMean,etaDev,Energy,Resa,Availability
0.028589092355723617,0.007703182890567522,61.1319805688177,16.76115734972876,25.58218286281123,5.615790315521565,0.7919062522913495,0.036982818511416514,298464.05741133296,62677.45205637992,0.9305405821654089
