QMean,QDev,PMean,PDev,BarMean,BarDev,etaMean,etaDev,Energy,Resa,Availability
0.02859949354234021,0.007686556295771162,61.154891523172054,16.72524912841593,25.58876445632313,5.603431249561652,0.791916013961591,0.03689058929763994,299982.4098898212,62996.30607686245,0.9308670992795463
