QMean,QDev,PMean,PDev,BarMean,BarDev,etaMean,etaDev,Energy,Resa,Availability
0.026409545932656344,0.005166789822949912,53.43291320535378,11.427134048802163,26.562406253104182,2.806442377183465,0.750176483794231,0.05274589409389503,425327.31009497034,89318.73511994377,0.9639625486992585
