QMean,QDev,PMean,PDev,BarMean,BarDev,etaMean,etaDev,Energy,Resa,Availability
0.02495908256005198,0.011756431068935985,52.81176090263691,25.554460587001827,22.533031819193713,9.606100280809814,0.7832656898229178,0.08088506223637347,52604.782809699325,11047.004390036858,0.8105983772819473
