QMean,QDev,PMean,PDev,BarMean,BarDev,etaMean,etaDev,Energy,Resa,Availability
0.02464044337608333,0.007773983240782416,46.54193686398165,14.80004662356223,25.96372241603841,3.8106989386758183,0.7038980192243655,0.01970655919258805,81241.54938755487,17060.72537138652,0.9091299985667192
