QMean,QDev,PMean,PDev,BarMean,BarDev,etaMean,etaDev,Energy,Resa,Availability
0.02527209166476766,0.006769147628865358,47.73029779555209,12.87774920171138,26.04386189828326,3.2535217361115154,0.7035148511528466,0.008802283221586708,61159.03146250592,12843.396607126242,0.9330862270776434
