QMean,QDev,PMean,PDev,BarMean,BarDev,etaMean,etaDev,Energy,Resa,Availability
0.025832214447072392,0.005802226280289539,49.29459934936531,11.794620699168991,26.372198411411624,2.819330454311118,0.7110755181279422,0.051730565055779415,193324.91532982298,40598.23221926283,0.9517764878484404
