QMean,QDev,PMean,PDev,BarMean,BarDev,etaMean,etaDev,Energy,Resa,Availability
0.02459989339237874,0.00783493803683993,46.47865018955964,14.91868826258052,25.951747427340337,3.8420841456095434,0.7040190275685674,0.019862806028368367,79742.1290566111,16745.84710188833,0.9075532225138524
