QMean,QDev,PMean,PDev,BarMean,BarDev,etaMean,etaDev,Energy,Resa,Availability
0.024969956216306936,0.011747007220955301,52.834281756072876,25.533480740762123,22.541276972393728,9.5981189714335,0.783287285686663,0.0807863002394905,52732.091449443,11073.73920438303,0.8109817813765182
