QMean,QDev,PMean,PDev,BarMean,BarDev,etaMean,etaDev,Energy,Resa,Availability
0.02818843028476658,0.008398264967654376,60.2910075751487,18.248375793992295,25.296843803460057,6.049578952988233,0.7917141804620637,0.03766652160351537,375828.23283772176,78923.92889592156,0.9165327117826716
