QMean,QDev,PMean,PDev,BarMean,BarDev,etaMean,etaDev,Energy,Resa,Availability
0.02587376675740868,0.005722401165901133,49.558137558772586,11.721753081356475,26.395189679268746,2.7801144277551684,0.7134368284375808,0.05256843215680599,200389.12765555762,42081.7168076671,0.9531675327889136
