QMean,QDev,PMean,PDev,BarMean,BarDev,etaMean,etaDev,Energy,Resa,Availability
0.02716222423880465,0.00959795719077219,57.84757502428685,20.80585858360465,24.502456778654068,7.168219292472406,0.7906855569629953,0.04952103536536492,164474.3624555741,34539.61611567056,0.8858959639671465
