QMean,QDev,PMean,PDev,BarMean,BarDev,etaMean,etaDev,Energy,Resa,Availability
0.02661201589825443,0.005154857132326623,54.02388383643123,11.5096320960613,26.58501470910929,2.732850091403414,0.7524341996970806,0.05214309447061051,454305.11726124823,95404.07462486213,0.9652639405204461
