QMean,QDev,PMean,PDev,BarMean,BarDev,etaMean,etaDev,Energy,Resa,Availability
0.02441748443895671,0.00808641600318256,46.156856729264476,15.400217555833198,25.89378738915493,3.9720814934830972,0.7042030210382456,0.020597239542301686,73787.73587310407,15495.424533351856,0.9007824726134586
