QMean,QDev,PMean,PDev,BarMean,BarDev,etaMean,etaDev,Energy,Resa,Availability
23.8994023162592,8.756881148008388,45.19986007005254,16.611055981871576,25.43081695642732,4.236791492288722,0.000696462545533137,7.36249939357841e-05,32259.052243379694,6774.400971109735,0.8429577865972921
