QMean,QDev,PMean,PDev,BarMean,BarDev,etaMean,etaDev,Energy,Resa,Availability
0.02446180829280403,0.008025563379495148,46.23330420064625,15.283220633353848,25.90739298918295,3.940537432322699,0.7041500812851663,0.020417522109790042,75170.99899410525,15785.909788762101,0.9024465302354209
