QMean,QDev,PMean,PDev,BarMean,BarDev,etaMean,etaDev,Energy,Resa,Availability
0.024803276562883118,0.0075354358363962206,46.88129939372325,14.333188960840033,26.115272733701854,3.1272221025011,0.7043706229288379,0.009169702537532584,65789.32181678491,13815.757581524831,0.9154778887303852
