QMean,QDev,PMean,PDev,BarMean,BarDev,etaMean,etaDev,Energy,Resa,Availability
0.028206776985676776,0.008372494851070417,60.33039690680503,18.192474151146133,25.30874220376372,6.030657357178017,0.791708163067363,0.03752786997637803,378651.3349373087,79516.78033683482,0.917102374775494
