QMean,QDev,PMean,PDev,BarMean,BarDev,etaMean,etaDev,Energy,Resa,Availability
0.027162530982513693,0.009597588896828166,57.84824805722359,20.805063165290935,24.502660151421757,7.167935447974459,0.7906861778946577,0.04951861591154291,164486.96190461746,34542.26199996967,0.8859060402684564
