QMean,QDev,PMean,PDev,BarMean,BarDev,etaMean,etaDev,Energy,Resa,Availability
0.026409284486727396,0.005166846883960581,53.43216282284924,11.427101016529404,26.562384752208885,2.8065292459280746,0.7501735912167712,0.05274639464708752,425291.83060399094,89311.28442683809,0.963960284044492
