QMean,QDev,PMean,PDev,BarMean,BarDev,etaMean,etaDev,Energy,Resa,Availability
0.024595466053006193,0.007840433362757492,46.46919745874105,14.928429440095478,25.949579275113187,3.844656581103435,0.7040255046685917,0.019878520327221982,79604.35559323568,16716.914674579493,0.9074047027895429
