QMean,QDev,PMean,PDev,BarMean,BarDev,etaMean,etaDev,Energy,Resa,Availability
0.02519679045463854,0.006904404935972257,47.50812142304718,13.150688481890814,26.127927114871287,3.364234880799122,0.7034872904163947,0.02048490368940063,107603.8231412398,22596.802859660358,0.9297315213788532
