QMean,QDev,PMean,PDev,BarMean,BarDev,etaMean,etaDev,Energy,Resa,Availability
0.027161918242888623,0.009598325815709931,57.84693132838721,20.806664644727892,24.502255296299243,7.16850378608737,0.7906852516012332,0.04952348490819927,164461.79845613142,34536.977675787595,0.8858858858858859
