QMean,QDev,PMean,PDev,BarMean,BarDev,etaMean,etaDev,Energy,Resa,Availability
0.025142111631145218,0.006989475174643479,47.49022641867527,13.293587542607407,26.058790150047443,3.2108536468363007,0.7037884201103525,0.008909588774532856,62564.25748698172,13138.49407226616,0.9282596318086923
