QMean,QDev,PMean,PDev,BarMean,BarDev,etaMean,etaDev,Energy,Resa,Availability
0.025067279492134425,0.007111518002017814,47.347479225154416,13.521694393248241,26.065214295451995,3.1894118329597245,0.7038925816593377,0.008932480401401426,63249.05121045715,13282.300754196001,0.925510013101254
