QMean,QDev,PMean,PDev,BarMean,BarDev,etaMean,etaDev,Energy,Resa,Availability
0.0281886458573548,0.008397961917481645,60.29148804548742,18.247721241117706,25.296982579574863,6.0493556666811195,0.7917143873164436,0.03766488193372302,375847.9755189128,78928.07485897168,0.9165394197540786
