QMean,QDev,PMean,PDev,BarMean,BarDev,etaMean,etaDev,Energy,Resa,Availability
0.026420206952999334,0.004471306236510853,52.96424651600059,9.982088982665767,26.665552128952218,2.1795986673012595,0.7438412820522684,0.05406207972556405,359295.7806464887,75452.11393576262,0.9720542692818168
