QMean,QDev,PMean,PDev,BarMean,BarDev,etaMean,etaDev,Energy,Resa,Availability
0.025832744789055277,0.0058011797537839815,49.297954887457756,11.793615605554297,26.372487519970672,2.8188306626674744,0.7111056566916167,0.05174205307339179,193410.8992058611,40616.28883323083,0.951794937193139
