QMean,QDev,PMean,PDev,BarMean,BarDev,etaMean,etaDev,Energy,Resa,Availability
0.0264202632117951,0.004471146199449659,52.96458296468333,9.98179789263787,26.66557678816265,2.1795202113146597,0.7438442911098682,0.054061134230993194,359316.3799458053,75456.43978861911,0.9720563297205633
