QMean,QDev,PMean,PDev,BarMean,BarDev,etaMean,etaDev,Energy,Resa,Availability
0.025256540209149265,0.0067978639180567395,47.70210039486673,12.93218087800893,26.037857241974333,3.2722964475846865,0.7034264832719673,0.008753811377234725,60404.58670434825,12684.963207913132,0.9324777887462982
