QMean,QDev,PMean,PDev,BarMean,BarDev,etaMean,etaDev,Energy,Resa,Availability
0.025197198203350646,0.006903696803977427,47.50879067712361,13.149313622920799,26.128039841676795,3.363872022245577,0.7034867721915169,0.020482586322885965,107634.89999784622,22603.328999547706,0.9297470451783939
