QMean,QDev,PMean,PDev,BarMean,BarDev,etaMean,etaDev,Energy,Resa,Availability
0.025275428885525534,0.006773342988655856,47.64936799152093,12.901582303525432,26.150732146974033,3.2979556937438286,0.7034968426183046,0.02005498983137569,112501.19023095406,23625.24994850035,0.9325914149443562
