QMean,QDev,PMean,PDev,BarMean,BarDev,etaMean,etaDev,Energy,Resa,Availability
0.024640129810053524,0.007774496296960274,46.54149247419724,14.80106082367555,25.963663004114103,3.8109688270128403,0.7038984398691936,0.019708083314933702,81228.09112367521,17057.899135971795,0.9091169724770642
