QMean,QDev,PMean,PDev,BarMean,BarDev,etaMean,etaDev,Energy,Resa,Availability
0.02445005490026799,0.008042971312437367,46.216540043290046,15.317839744961544,25.904984214084724,3.949808902415811,0.7041754118798623,0.020466162608375485,74785.87197780033,15705.033115338068,0.9019789734075448
