QMean,QDev,PMean,PDev,BarMean,BarDev,etaMean,etaDev,Energy,Resa,Availability
0.02663462889437314,0.005148676897352513,54.08718254531477,11.506991609807576,26.58748572736627,2.725251794516767,0.7526445993604945,0.05206023898312863,457468.4434425778,96068.37312294134,0.9654632011591118
