QMean,QDev,PMean,PDev,BarMean,BarDev,etaMean,etaDev,Energy,Resa,Availability
0.024821324492044158,0.0074999713379097915,46.84118430463575,14.270122437959076,26.017933443271524,3.669642757769296,0.7035660328110449,0.018952707886779194,88474.77392132346,18579.702523477925,0.9160264900662252
