QMean,QDev,PMean,PDev,BarMean,BarDev,etaMean,etaDev,Energy,Resa,Availability
0.02641006301974699,0.0051666710879506375,53.4344136403619,11.427199912172961,26.56245033154687,2.8062687980442558,0.7501823877849416,0.05274499324879078,425385.56341988407,89330.96831817566,0.9639670771550641
