QMean,QDev,PMean,PDev,BarMean,BarDev,etaMean,etaDev,Energy,Resa,Availability
0.024633327524066894,0.0077839980171531846,46.5280941497772,14.818714305678695,25.96078042930861,3.8156519791557986,0.703906154369942,0.019736007340018003,80977.79232109597,17005.336387430154,0.9088687652723875
