QMean,QDev,PMean,PDev,BarMean,BarDev,etaMean,etaDev,Energy,Resa,Availability
0.02716283446410464,0.009597219489203362,57.84893249448124,20.804272092065005,24.502866860459164,7.1676527288844065,0.790686937624593,0.049516216315721735,164499.9314838151,34544.98561160117,0.885916114790287
