QMean,QDev,PMean,PDev,BarMean,BarDev,etaMean,etaDev,Energy,Resa,Availability
0.024376278939287045,0.008141588755346305,46.084357381217224,15.506273157952768,25.88173864876847,4.001036403181697,0.7042169372500731,0.020765620204136945,72556.35156871255,15236.833829429634,0.8992531384077547
