QMean,QDev,PMean,PDev,BarMean,BarDev,etaMean,etaDev,Energy,Resa,Availability
0.028188538668520457,0.008398113627976099,60.2912424954792,18.24804676455909,25.296912098264016,6.049466993929081,0.7917142328901398,0.03766569854033157,375832.2596079177,78924.7745176627,0.9165360659031545
