QMean,QDev,PMean,PDev,BarMean,BarDev,etaMean,etaDev,Energy,Resa,Availability
0.02871212101097139,0.00750548396892182,61.40406775386684,16.33322540103214,25.67628903999904,5.444977418764051,0.7919454732147027,0.03571506056292595,320340.2285433014,67271.4479940933,0.9343837064079162
