QMean,QDev,PMean,PDev,BarMean,BarDev,etaMean,etaDev,Energy,Resa,Availability
0.02481610534053815,0.007508166420234163,46.83329799522039,14.286243753779102,26.016641146667553,3.6739280212719176,0.7035783451309101,0.01897519552821358,88241.40073217556,18530.694153756867,0.9158258098778544
