QMean,QDev,PMean,PDev,BarMean,BarDev,etaMean,etaDev,Energy,Resa,Availability
0.025160857941602038,0.006958299979273927,47.525815064589665,13.235217540037178,26.058192146770516,3.2123051986155846,0.7037868696873847,0.008909839974800956,62542.36202793392,13133.896025866123,0.9289513677811551
