QMean,QDev,PMean,PDev,BarMean,BarDev,etaMean,etaDev,Energy,Resa,Availability
0.024420419861643484,0.008082477346651636,46.16197326871971,15.392566802197445,25.894680401234957,3.9699994549513944,0.7042003592858365,0.02058503066100842,73885.48237748507,15515.951299271863,0.9008910426762545
