QMean,QDev,PMean,PDev,BarMean,BarDev,etaMean,etaDev,Energy,Resa,Availability
0.024458339258079102,0.008030584524306519,46.22784722650231,15.293108853098621,25.906645148952233,3.9432166441812275,0.7041514185250272,0.020433032075553866,75059.17962045257,15762.42772029504,0.9023112480739599
