QMean,QDev,PMean,PDev,BarMean,BarDev,etaMean,etaDev,Energy,Resa,Availability
0.025660955147758728,0.0061517039911836175,48.21935247617673,12.133478020008363,26.295705206157958,2.9870496718522785,0.7007414116176044,0.046611121999031564,167086.63291385956,35088.192911910504,0.9454230436038117
