QMean,QDev,PMean,PDev,BarMean,BarDev,etaMean,etaDev,Energy,Resa,Availability
0.025253549847545204,0.006804251410166062,47.69964233432245,12.944839657001085,26.03705810892186,3.275481911478075,0.7034523237723213,0.008743505837983931,60283.80172466535,12659.598362179722,0.9323442136498516
