QMean,QDev,PMean,PDev,BarMean,BarDev,etaMean,etaDev,Energy,Resa,Availability
0.028589203133836776,0.007703000683919958,61.13227766940451,16.760778421758634,25.58226376615503,5.615657523132577,0.7919067587306468,0.036981863574338955,298476.3079782785,62680.02467543848,0.9305441478439425
