QMean,QDev,PMean,PDev,BarMean,BarDev,etaMean,etaDev,Energy,Resa,Availability
0.024379079913467754,0.008138225110147392,46.09033481505001,15.500339492583986,25.88286530825528,3.999381221620234,0.7042202651889742,0.020756051032640315,72636.13996900275,15253.589393490576,0.8993491030322274
