QMean,QDev,PMean,PDev,BarMean,BarDev,etaMean,etaDev,Energy,Resa,Availability
0.024603565091706706,0.007829199373569212,46.48316931139904,14.907170322370918,25.952436936482748,3.8390457167206735,0.7040024550554391,0.01984984785598419,79876.84600059729,16774.13766012543,0.9077012665599068
