QMean,QDev,PMean,PDev,BarMean,BarDev,etaMean,etaDev,Energy,Resa,Availability
0.028187364864361644,0.008399784803665912,60.28868790705153,18.251676596144335,25.296170565863953,6.050701634576746,0.7917132060318611,0.037674728829712074,375657.0224350586,78887.9747113623,0.9164991557449546
