QMean,QDev,PMean,PDev,BarMean,BarDev,etaMean,etaDev,Energy,Resa,Availability
0.028255774838482354,0.008301545350147347,60.432549349835504,18.0375609096843,25.340260139640453,5.978541498571926,0.7916787192680903,0.03714977513958951,386497.8801806067,81164.5548379274,0.9186511044963184
