,Power,Var2,Var3,Eta
last_value,31.8166,0.014045400000000001,30.8959,0.7329263619560522
MaxScala,248.0,0.08,50.0,100.0
Media,31.16357618444198,0.012,31.5,0.717883322492137
Dev,1.3131052706316182,0.015,0.9,0.030248658526346284
