,Power,Var2,Var3,Eta
last_value,56.582,0.0230678,30.8721,0.7942321849511054
MaxScala,248.0,0.08,50.0,100.0
Media,57.068734489369,0.012,31.5,0.801064396555195
Dev,2.0947243104153292,0.015,0.9,0.029403299033815777
