,Power,Var2,Var3,Eta
last_value,49.9931,0.020296500000000002,31.1127,0.7913939950041184
MaxScala,248.0,0.08,50.0,100.0
Media,49.129790418594645,0.012,31.5,0.777727748691053
Dev,2.0239199879177927,0.015,0.9,0.03203878384831005
