,Power,Var2,Var3,Eta
last_value,70.2973,0.0279598,30.7733,0.8167178567454575
MaxScala,248.0,0.08,50.0,100.0
Media,71.46016580296022,0.012,31.5,0.830228094923542
Dev,1.8387764671866957,0.015,0.9,0.021363005055879847
