,Power,Var2,Var3,Eta
last_value,0.0,0.0005633,32.5516,0.0
MaxScala,248.0,0.08,50.0,100.0
Media,59.43134571025284,0.012,31.5,32.4
Dev,59.43134571025284,0.015,0.9,32.4
