,Power,Var2,Var3,Eta
last_value,95.2718,0.0361563,30.2641,0.8703504606779212
MaxScala,248.0,0.08,50.0,100.0
Media,93.13282424016538,0.012,31.5,0.850809961412126
Dev,1.85725412818344,0.015,0.9,0.016966846286733617
