,Power,Var2,Var3,Eta
last_value,44.7925,0.018645,30.9482,0.7759773724097137
MaxScala,248.0,0.08,50.0,100.0
Media,44.53723895850036,0.012,31.5,0.771555275133128
Dev,2.018763314887573,0.015,0.9,0.034972699728829215
