,Power,Var2,Var3,Eta
last_value,57.2937,0.0233437,30.8733,0.7946861806869896
MaxScala,248.0,0.08,50.0,100.0
Media,57.75354389230514,0.012,31.5,0.801064396555195
Dev,2.119860436477465,0.015,0.9,0.029403299033815777
