,Power,Var2,Var3,Eta
last_value,83.1636,0.0335696,30.1659,0.8209417917873912
MaxScala,248.0,0.08,50.0,100.0
Media,86.090387492673,0.012,31.5,0.849833304040539
Dev,1.828949439261051,0.015,0.9,0.01805430536623609
