,Power,Var2,Var3,Eta
last_value,126.3602,0.0496299,29.5754,0.860553380376136
MaxScala,248.0,0.08,50.0,100.0
Media,125.98635089392977,0.012,31.5,0.858007348382048
Dev,1.4719138873076127,0.015,0.9,0.010024204388289548
