,Power,Var2,Var3,Eta
last_value,109.0647,0.0422359,29.9542,0.8617598744371877
MaxScala,248.0,0.08,50.0,100.0
Media,108.94145297783079,0.012,31.5,0.860786054875503
Dev,1.595224730913387,0.015,0.9,0.012604450970946757
