,Power,Var2,Var3,Eta
last_value,0.0,-0.0001158,32.2457,-0.0
MaxScala,248.0,0.08,50.0,100.0
Media,-12.028035543167261,0.012,31.5,32.2
Dev,-12.028035543167261,0.015,0.9,32.2
