,Power,Var2,Var3,Eta
last_value,0.0,0.000559,32.7854,0.0
MaxScala,248.0,0.08,50.0,100.0
Media,59.7679495944614,0.012,31.5,32.6
Dev,59.7679495944614,0.015,0.9,32.6
