,Power,Var2,Var3,Eta
last_value,63.1608,0.0255778,30.7808,0.8019477429805079
MaxScala,248.0,0.08,50.0,100.0
Media,64.90721026910408,0.012,31.5,0.824121777723988
Dev,1.8201019275852253,0.015,0.9,0.02310969197384205
