,Power,Var2,Var3,Eta
last_value,0.0,-0.0001179,32.4768,-0.0
MaxScala,248.0,0.08,50.0,100.0
Media,-12.41053514124741,0.012,31.5,32.4
Dev,-12.41053514124741,0.015,0.9,32.4
