,Power,Var2,Var3,Eta
last_value,33.7675,0.0146912,31.0842,0.7391685499994497
MaxScala,248.0,0.08,50.0,100.0
Media,33.30810073796894,0.012,31.5,0.729112327703268
Dev,1.3485873826068728,0.015,0.9,0.029520496931933815
