,Power,Var2,Var3,Eta
last_value,0.0,0.0016985,32.2323,0.0
MaxScala,248.0,0.08,50.0,100.0
Media,176.34826124775407,0.012,31.5,32.2
Dev,176.34826124775407,0.015,0.9,32.2
