,Power,Var2,Var3,Eta
last_value,61.3829,0.0246163,30.8543,0.8078867141167934
MaxScala,248.0,0.08,50.0,100.0
Media,61.26360350621959,0.012,31.5,0.806316601717967
Dev,2.0687089238821335,0.015,0.9,0.02722716676760506
