,Power,Var2,Var3,Eta
last_value,56.1615,0.022308599999999998,30.8886,0.8147224712492166
MaxScala,248.0,0.08,50.0,100.0
Media,55.22000398264803,0.012,31.5,0.801064396555195
Dev,2.0268661255355456,0.015,0.9,0.029403299033815777
