,Power,Var2,Var3,Eta
last_value,76.5303,0.0306373,30.5105,0.8184179372410256
MaxScala,248.0,0.08,50.0,100.0
Media,78.25929741609295,0.012,31.5,0.836907901330724
Dev,1.8951699277536995,0.015,0.9,0.020267019245885698
