,Power,Var2,Var3,Eta
last_value,113.0801,0.0437593,29.9424,0.8627217505640833
MaxScala,248.0,0.08,50.0,100.0
Media,112.64699952586908,0.012,31.5,0.859417498098686
Dev,1.7684576981791553,0.015,0.9,0.01349209030741616
