,Power,Var2,Var3,Eta
last_value,41.9091,0.0191767,30.9385,0.7061171243177047
MaxScala,248.0,0.08,50.0,100.0
Media,45.7929514346874,0.012,31.5,0.771555275133128
Dev,2.0756816677144103,0.015,0.9,0.034972699728829215
