,Power,Var2,Var3,Eta
last_value,69.9818,0.027165199999999997,30.6223,0.8409611489823317
MaxScala,248.0,0.08,50.0,100.0
Media,68.58048733180692,0.012,31.5,0.824121777723988
Dev,1.9231064880132742,0.015,0.9,0.02310969197384205
