,Power,Var2,Var3,Eta
last_value,4.3375,0.0017641,31.384,0.783158255283592
MaxScala,248.0,0.08,50.0,100.0
Media,172.80032367276164,0.012,31.5,31.2
Dev,172.80032367276164,0.015,0.9,31.2
