,Power,Var2,Var3,Eta
last_value,33.0871,0.0180747,31.0961,0.5884684986639431
MaxScala,248.0,0.08,50.0,100.0
Media,42.66573364591808,0.012,31.5,0.758828674105893
Dev,2.395301155244281,0.015,0.9,0.04260147533856429
