,Power,Var2,Var3,Eta
last_value,56.2319,0.022691,30.9421,0.8006097491844089
MaxScala,248.0,0.08,50.0,100.0
Media,56.26383276813748,0.012,31.5,0.801064396555195
Dev,2.065180161275788,0.015,0.9,0.029403299033815777
