,Power,Var2,Var3,Eta
last_value,111.1077,0.042398000000000005,30.3293,0.8637298673920275
MaxScala,248.0,0.08,50.0,100.0
Media,109.98408088391652,0.012,31.5,0.854995068722503
Dev,1.6487147304124048,0.015,0.9,0.012816790874677353
