,Power,Var2,Var3,Eta
last_value,81.6862,0.0315328,30.7912,0.8410098454181542
MaxScala,248.0,80.0,50.0,100.0
Media,81.66293659676141,12.0,31.5,0.840770334323727
Dev,1.9307709805883384,15.0,0.9,0.019878478909809205
