,Power,Var2,Var3,Eta
last_value,64.2883,0.025516999999999998,30.7704,0.8184849980390563
MaxScala,248.0,0.08,50.0,100.0
Media,64.23992692173766,0.012,31.5,0.817869137316861
Dev,1.9812446686169645,0.015,0.9,0.025224170474376306
