QMean,QDev,PMean,PDev,BarMean,BarDev,etaMean,etaDev,Energy,Resa,Availability
0.038966062,0.009133371248008917,97.35599,22.288803048887576,30.30161,0.38936139523584007,0.8249023387148716,0.009768919784957543,1196.5592037611111,251.2774327898333,1.0
