QMean,QDev,PMean,PDev,BarMean,BarDev,etaMean,etaDev,Energy,Resa,Availability
0.03713647666666666,0.009392819340527577,92.85826666666667,23.079364099744076,30.378783333333335,0.4351736600357252,0.8231407608837159,0.01289231357019217,1389.5981667037038,291.8156150077778,1.0
