QMean,QDev,PMean,PDev,BarMean,BarDev,etaMean,etaDev,Energy,Resa,Availability
0.03420890277777777,0.00829254792303461,86.76806111111111,21.723908548024504,30.753602777777775,0.223028441741445,0.8218824493414892,0.021159477082320757,773.9952073503086,162.5389935435648,1.0
