QMean,QDev,PMean,PDev,BarMean,BarDev,etaMean,etaDev,Energy,Resa,Availability
0.04023215,0.009543939620591699,101.6472575,24.125466607413912,29.94101,0.5542470147867284,0.8433571531624416,0.01822190081356115,999.1360705263888,209.81857481054163,1.0
