QMean,QDev,PMean,PDev,BarMean,BarDev,etaMean,etaDev,Energy,Resa,Availability
0.042955284999999996,0.007950811850514073,110.07137,19.912920125363332,30.008954999999993,0.5229470082857348,0.854165114623291,0.012636289511393927,1005.8077187555556,211.21962093866665,1.0
