QMean,QDev,PMean,PDev,BarMean,BarDev,etaMean,etaDev,Energy,Resa,Availability
0.040130450000000005,0.00918663487768934,102.66331739130439,23.696726718870437,30.102932608695657,0.49746481022775246,0.8484930557567923,0.022177073851672505,1171.4169690229473,245.99756349481893,1.0
