QMean,QDev,PMean,PDev,BarMean,BarDev,etaMean,etaDev,Energy,Resa,Availability
0.022941877500000003,0.0042610444432960035,66.70278,28.129358674285484,30.8279425,0.34502733216913417,0.6980472238276342,0.2403025172757825,666.1384296,139.889070216,1.0
