QMean,QDev,PMean,PDev,BarMean,BarDev,etaMean,etaDev,Energy,Resa,Availability
0.04020474680851065,0.011877086399071132,99.13493404255318,28.551037401029955,30.183595744680858,0.6248590271506683,0.8177927661178279,0.015896013826970583,1149.5797101501182,241.41173913152483,1.0
