QMean,QDev,PMean,PDev,BarMean,BarDev,etaMean,etaDev,Energy,Resa,Availability
0.040412734782608706,0.01192051353052371,99.62633913043476,28.662399286441904,30.17648913043479,0.6297325899791535,0.8177791754412367,0.01606759747548141,1136.7365294782605,238.7146711904347,1.0
