QMean,QDev,PMean,PDev,BarMean,BarDev,etaMean,etaDev,Energy,Resa,Availability
1.1105882352941177e-05,9.090556490173639e-05,28.181813235294115,31.014458870083317,31.666675,0.9485388624825589,,,476.1630477361111,99.99424002458332,0.5147058823529411
