QMean,QDev,PMean,PDev,BarMean,BarDev,etaMean,etaDev,Energy,Resa,Availability
0.032279810526315796,0.00877861846848081,81.77502631578948,23.623541002731333,30.71317631578947,0.1957360594407019,0.818008027959415,0.03153088254591699,759.4401263377192,159.48242653092103,1.0
