QMean,QDev,PMean,PDev,BarMean,BarDev,etaMean,etaDev,Energy,Resa,Availability
0.04020765957446809,0.009103453106415511,102.88495106382983,23.4914217393614,30.099517021276597,0.4926890894460849,0.8487957939441816,0.02203574851804803,1185.1203196430265,248.87526712503555,1.0
