QMean,QDev,PMean,PDev,BarMean,BarDev,etaMean,etaDev,Energy,Resa,Availability
0.02379232894736842,0.004124509772203741,71.5061394736842,27.23578143545284,30.742792105263153,0.43948204764339477,0.75242398929196,0.13907534478730063,668.6022668954678,140.40647604804823,1.0
