QMean,QDev,PMean,PDev,BarMean,BarDev,etaMean,etaDev,Energy,Resa,Availability
0.0393230152173913,0.00950670406765593,99.44499347826088,24.07163056097546,29.98917608695652,0.5514385330501616,0.8427346254211127,0.018742899561862054,1124.6676290205316,236.18020209431162,1.0
