QMean,QDev,PMean,PDev,BarMean,BarDev,etaMean,etaDev,Energy,Resa,Availability
0.04057051666666666,0.009684959815768755,103.78079722222225,25.056638562004615,30.178411111111114,0.4915675102147874,0.8463461356420576,0.019678672043626225,930.1065671049384,195.32237909203707,1.0
