QMean,QDev,PMean,PDev,BarMean,BarDev,etaMean,etaDev,Energy,Resa,Availability
0.022882804347826084,0.004249110594299681,65.40581739130435,28.16050681059731,30.79396956521739,0.4151277241218583,0.7175362590906896,0.13297696778542886,749.1146285217392,157.31407198956524,1.0
