QMean,QDev,PMean,PDev,BarMean,BarDev,etaMean,etaDev,Energy,Resa,Availability
1.1618461538461539e-05,9.294769230769231e-05,27.58831692307692,31.491537314804333,31.694561538461542,0.9605344498995275,,,442.2177300128204,92.86572330269229,0.49230769230769234
