QMean,QDev,PMean,PDev,BarMean,BarDev,etaMean,etaDev,Energy,Resa,Availability
0.03637993478260869,0.009113548891715494,91.02325942028988,22.393701835025727,30.406002898550717,0.42025839979742713,0.8229569429091146,0.012260482657068588,1602.8184614363931,336.59187690164254,1.0
