QMean,QDev,PMean,PDev,BarMean,BarDev,etaMean,etaDev,Energy,Resa,Availability
0.0005482825396825396,1.4334457759688662e-05,0.0,0.0,32.48579365079365,0.28101319455720086,,,0.0,0.0,0.0
