QMean,QDev,PMean,PDev,BarMean,BarDev,etaMean,etaDev,Energy,Resa,Availability
1.2180645161290323e-05,9.513387992330173e-05,24.297546774193545,28.372423189079772,31.77727903225806,0.90494551896912,,,373.1495745846774,78.36141066278225,0.46774193548387094
