QMean,QDev,PMean,PDev,BarMean,BarDev,etaMean,etaDev,Energy,Resa,Availability
0.03963493589743589,0.009908788172445896,101.33232564102566,25.701902837814767,30.21349743589744,0.48989692766643766,0.8446528146683281,0.02068339033267302,970.9325668504276,203.8958390385898,1.0
