QMean,QDev,PMean,PDev,BarMean,BarDev,etaMean,etaDev,Energy,Resa,Availability
0.045899927027027033,0.008492554136311906,116.2961162162162,21.05607278572087,29.73257297297297,0.6585198080907806,0.8525050166216677,0.01623283087098702,1050.57388762988,220.62051640227477,1.0
