QMean,QDev,PMean,PDev,BarMean,BarDev,etaMean,etaDev,Energy,Resa,Availability
0.0005486600000000001,1.4278480850027972e-05,0.0,0.0,32.49122923076922,0.2790114443327354,,,0.0,0.0,0.0
