QMean,QDev,PMean,PDev,BarMean,BarDev,etaMean,etaDev,Energy,Resa,Availability
0.04089646222222223,0.011597100827425006,100.84486888888888,27.775671822184584,30.159340000000004,0.6259771449146971,0.8187081043974928,0.01497367470316005,1131.7315411055556,237.66362363216666,1.0
