QMean,QDev,PMean,PDev,BarMean,BarDev,etaMean,etaDev,Energy,Resa,Availability
0.0014327936170212767,0.006501183376252465,3.9086425531914895,17.189779175140796,32.58091489361702,0.46353820792218664,0.8681736334520731,0.0021768272258480548,45.03190514893617,9.456700081276596,0.06382978723404255
