QMean,QDev,PMean,PDev,BarMean,BarDev,etaMean,etaDev,Energy,Resa,Availability
0.00169790350877193,4.352009614938767e-06,43.92611929824561,39.206361048075905,31.394696491228068,0.6155500931530036,,,625.1296861130603,131.27723408374266,0.5964912280701754
