QMean,QDev,PMean,PDev,BarMean,BarDev,etaMean,etaDev,Energy,Resa,Availability
0.03574567916666666,0.009858884960213941,91.594684375,26.491294361066082,30.413060416666667,0.3897629149771602,0.8397384433356283,0.030478537810311714,2198.272425,461.63720925,1.0
