QMean,QDev,PMean,PDev,BarMean,BarDev,etaMean,etaDev,Energy,Resa,Availability
0.0005611239583333333,2.8913343029904567e-05,0.0,0.0,32.39690625,0.3122359180213004,,,0.0,0.0,0.0
