QMean,QDev,PMean,PDev,BarMean,BarDev,etaMean,etaDev,Energy,Resa,Availability
0.036192891666666664,0.01004597237367488,92.64245104166666,27.07165245534368,30.347965625,0.46550360225694565,0.8373706655729704,0.03875385291700268,2223.4188249999997,466.9179532499999,1.0
