QMean,QDev,PMean,PDev,BarMean,BarDev,etaMean,etaDev,Energy,Resa,Availability
0.03638678125,0.01020604163814985,92.965165625,27.302727980051234,30.32593854166667,0.520542244397167,0.8372455453382184,0.03801745561394469,2231.163975,468.54443475,1.0
