QMean,QDev,PMean,PDev,BarMean,BarDev,etaMean,etaDev,Energy,Resa,Availability
0.03537748541666667,0.009966801265095655,89.99778958333333,26.47926691846015,30.331069791666668,0.5309577229560027,0.8343900657177515,0.03234040886979402,2159.94695,453.5888595,1.0
