QMean,QDev,PMean,PDev,BarMean,BarDev,etaMean,etaDev,Energy,Resa,Availability
0.0367571125,0.01015602886010786,94.27356458333334,26.85081649018866,30.326015625,0.5159774571804077,0.8421034473365567,0.03259447260515211,2262.5655500000003,475.13876550000003,1.0
