QMean,QDev,PMean,PDev,BarMean,BarDev,etaMean,etaDev,Energy,Resa,Availability
0.000307428125,0.0029199635814903275,19.204933333333333,29.059914555953284,31.78992708333333,0.9697729705837479,0.6519483855385424,0.0,460.9184,96.792864,0.34375
