QMean,QDev,PMean,PDev,BarMean,BarDev,etaMean,etaDev,Energy,Resa,Availability
0.036985571875000005,0.009677459963220196,94.66571875,25.768399414230508,30.311925000000002,0.5049738555526084,0.8400727646500705,0.035563331199731436,2271.97725,477.11522249999996,1.0
