QMean,QDev,PMean,PDev,BarMean,BarDev,etaMean,etaDev,Energy,Resa,Availability
0.03690419479166667,0.009730921604139577,94.45309375,25.907052384034884,30.312327083333333,0.5053417256502374,0.8399997889336751,0.03559343043818335,2266.87425,476.04359249999993,1.0
