QMean,QDev,PMean,PDev,BarMean,BarDev,etaMean,etaDev,Energy,Resa,Availability
0.0016995416666666667,4.137749656784738e-06,30.207176041666667,37.199042343981404,31.611996875,0.6169852462196601,,,724.972225,152.24416725,0.4270833333333333
