QMean,QDev,PMean,PDev,BarMean,BarDev,etaMean,etaDev,Energy,Resa,Availability
0.03229120520833333,0.012343279789427,80.96503854166667,32.70031567411458,30.331698958333334,0.7132408241457311,0.8208214374892873,0.05074345914687387,1943.1609250000001,408.06379425,1.0
