QMean,QDev,PMean,PDev,BarMean,BarDev,etaMean,etaDev,Energy,Resa,Availability
0.03534473854166666,0.010654426876101878,90.4309,28.329096415004575,30.371936458333337,0.48021400678928905,0.8389888017542656,0.03496754978430588,2170.3415999999997,455.7717359999999,0.9895833333333334
