QMean,QDev,PMean,PDev,BarMean,BarDev,etaMean,etaDev,Energy,Resa,Availability
0.0355042,0.010252676936130713,90.69381145833334,27.597042540422507,30.360137500000004,0.4874925799114793,0.8351691792627379,0.03889976050019288,2176.651475,457.09680975000003,1.0
