QMean,QDev,PMean,PDev,BarMean,BarDev,etaMean,etaDev,Energy,Resa,Availability
0.03863196458333333,0.01047058954931402,97.58885208333334,26.760648280847864,29.950061458333334,0.6763806616484833,0.841389878707082,0.030266411606441022,2342.13245,491.84781449999997,1.0
