QMean,QDev,PMean,PDev,BarMean,BarDev,etaMean,etaDev,Energy,Resa,Availability
0.033078942553191486,0.010720584760850138,82.49716170212767,27.068793638129495,30.500957446808513,0.4331992317161224,0.8146732478243524,0.025451906463689295,1979.931880851064,415.7856949787234,1.0
