QMean,QDev,PMean,PDev,BarMean,BarDev,etaMean,etaDev,Energy,Resa,Availability
0.033154852127659576,0.011780486566250218,83.46885744680853,30.96533608926549,30.314228723404256,0.7125098390694061,0.8284391106374442,0.04056454648456304,2003.2525787234047,420.68304153191497,1.0
