QMean,QDev,PMean,PDev,BarMean,BarDev,etaMean,etaDev,Energy,Resa,Availability
0.033251880208333334,0.010800784010842876,82.8083,27.366556406173792,30.484745833333335,0.40584262906448393,0.8129285167951691,0.027262522113635678,1987.3992,417.353832,1.0
