QMean,QDev,PMean,PDev,BarMean,BarDev,etaMean,etaDev,Energy,Resa,Availability
0.03421936875,0.012350971778343602,84.20938020833334,30.720365263289445,30.349400000000003,0.5353113558559479,0.8072000102168121,0.02853693477546732,2021.0251250000001,424.41527625000003,1.0
