QMean,QDev,PMean,PDev,BarMean,BarDev,etaMean,etaDev,Energy,Resa,Availability
0.033742586458333335,0.011284185813087969,85.47166354166667,29.882757850825392,30.268801041666666,0.5505233910211398,0.8319237659100644,0.03967028724223876,2051.3199250000002,430.77718425000006,1.0
