QMean,QDev,PMean,PDev,BarMean,BarDev,etaMean,etaDev,Energy,Resa,Availability
0.036477322916666666,0.009786619158261439,93.822425,25.458322225641332,30.310591666666667,0.5431629759770286,0.8393345239323643,0.03477862241498648,2251.7382,472.86502199999995,1.0
