QMean,QDev,PMean,PDev,BarMean,BarDev,etaMean,etaDev,Energy,Resa,Availability
0.03134003333333333,0.01328042221831842,80.59411458333334,33.06627020332609,30.526329166666667,0.8757022213054534,0.8363397464734466,0.027697806650655493,1934.25875,406.19433749999996,0.9479166666666666
