QMean,QDev,PMean,PDev,BarMean,BarDev,etaMean,etaDev,Energy,Resa,Availability
0.020326978125000002,0.004056265330176555,49.092953125,26.674966967204448,30.946907291666662,0.27668544310461707,0.6261389547334246,0.2323712458643144,1178.230875,247.42848375,0.96875
