QMean,QDev,PMean,PDev,BarMean,BarDev,etaMean,etaDev,Energy,Resa,Availability
0.03697611458333334,0.008990720530010132,93.30950416666667,23.169944414769844,30.077074999999997,0.5402289587912393,0.8371417879826698,0.026626446181269765,2239.4281,470.279901,1.0
