QMean,QDev,PMean,PDev,BarMean,BarDev,etaMean,etaDev,Energy,Resa,Availability
0.03782678227848101,0.008939232215292678,96.27397088607596,23.545431743764894,30.138007594936703,0.4845288772134324,0.8413366050441574,0.0290879802731533,2310.575301265823,485.2208132658228,1.0
