QMean,QDev,PMean,PDev,BarMean,BarDev,etaMean,etaDev,Energy,Resa,Availability
7.866666666666667e-06,7.667478217916385e-05,19.962117708333334,29.076210145588362,31.811201041666667,0.8393959674093522,,,479.090825,100.60907325,0.3645833333333333
