QMean,QDev,PMean,PDev,BarMean,BarDev,etaMean,etaDev,Energy,Resa,Availability
0.0005608708333333333,2.8970487557263448e-05,0.0,0.0,32.394275,0.31010227815459007,,,0.0,0.0,0.0
