QMean,QDev,PMean,PDev,BarMean,BarDev,etaMean,etaDev,Energy,Resa,Availability
0.017843821875,0.015138170921934691,44.47884583333333,38.71691066384654,31.300914583333327,0.5839983397484901,0.7931615068110859,0.03954364291153017,1067.4923,224.17338299999997,0.7291666666666666
