QMean,QDev,PMean,PDev,BarMean,BarDev,etaMean,etaDev,Energy,Resa,Availability
0.02157613229166667,0.013215315299559438,54.00989583333334,34.32607003069945,30.986241666666672,0.40967017873799655,0.8023176744396462,0.03983502847299548,1296.2375000000002,272.209875,0.875
