QMean,QDev,PMean,PDev,BarMean,BarDev,etaMean,etaDev,Energy,Resa,Availability
0.0009750843749999999,0.0047467092930771546,17.8317875,26.422318302475727,31.821770833333336,0.9260209914733606,0.742065445852013,0.06526222266475155,427.9629,89.872209,0.34375
