QMean,QDev,PMean,PDev,BarMean,BarDev,etaMean,etaDev,Energy,Resa,Availability
0.03653195729166667,0.010142345319631705,93.62652395833334,26.81645022876484,30.324177083333336,0.50668517828282,0.8414671309095638,0.032611820069052694,2247.036575,471.87768075,1.0
