QMean,QDev,PMean,PDev,BarMean,BarDev,etaMean,etaDev,Energy,Resa,Availability
0.010033424999999999,0.014082483609886018,24.992802083333334,35.1506352785556,31.78731458333333,1.058508908990532,0.8108597592086144,0.02829298480255448,599.82725,125.9637225,0.3854166666666667
