QMean,QDev,PMean,PDev,BarMean,BarDev,etaMean,etaDev,Energy,Resa,Availability
0.020226536458333333,0.004313737869299079,48.16967395833334,27.94275481028596,30.94368020833333,0.3450609063447447,0.6062807937338616,0.21258671505533203,1156.0721750000002,242.77515675000004,0.96875
