QMean,QDev,PMean,PDev,BarMean,BarDev,etaMean,etaDev,Energy,Resa,Availability
0.02949537604166667,0.009798244316837932,74.24105625,27.146929310109567,30.71518541666667,0.36336781754716946,0.8099388282216431,0.04771846576532912,1781.78535,374.17492350000003,0.48793203913270156
