QMean,QDev,PMean,PDev,BarMean,BarDev,etaMean,etaDev,Energy,Resa,Availability
0.019891950000000002,0.004636065914427519,46.24439479166667,29.69036920058692,30.95426875,0.3545208536745113,0.56680874076929,0.25100808230139765,1109.865475,233.07174975,0.9375
