QMean,QDev,PMean,PDev,BarMean,BarDev,etaMean,etaDev,Energy,Resa,Availability
0.03301642688172043,0.010761012149662845,82.34596559139784,27.17442601924418,30.50699247311828,0.43157365043500706,0.8145183667481343,0.02554623150819351,1976.3031741935483,415.0236665806451,1.0
