QMean,QDev,PMean,PDev,BarMean,BarDev,etaMean,etaDev,Energy,Resa,Availability
0.03482593958333333,0.010411618230976383,88.84206666666667,28.076133280168122,30.374646875,0.4877502058672735,0.8331262711930737,0.039615393017863806,2132.2096,447.764016,1.0
