QMean,QDev,PMean,PDev,BarMean,BarDev,etaMean,etaDev,Energy,Resa,Availability
0.032806381249999995,0.010623208221304433,81.82737604166667,26.81464571905212,30.51485416666667,0.4281460999463917,0.8144761900295946,0.025154847091610817,1963.857025,412.40997525,1.0
