QMean,QDev,PMean,PDev,BarMean,BarDev,etaMean,etaDev,Energy,Resa,Availability
0.03420096979166667,0.012372823913362165,84.15712395833333,30.783039472788914,30.349946875,0.5358956756669788,0.8070585929094808,0.028657417891278177,2019.770975,424.15190474999997,1.0
