QMean,QDev,PMean,PDev,BarMean,BarDev,etaMean,etaDev,Energy,Resa,Availability
0.037179638541666664,0.010489763015071823,94.37521041666666,27.76464623617401,30.190607291666662,0.5468929574660824,0.8355332278571573,0.038389420741922184,2265.0050499999998,475.6510604999999,1.0
