QMean,QDev,PMean,PDev,BarMean,BarDev,etaMean,etaDev,Energy,Resa,Availability
0.032494779166666675,0.009854140196351868,81.84217291666667,26.451379505958187,30.292432291666668,0.5372875819596817,0.8231700080679173,0.0468284928131862,1964.21215,412.4845515,1.0
