QMean,QDev,PMean,PDev,BarMean,BarDev,etaMean,etaDev,Energy,Resa,Availability
0.03590815208333333,0.010048533313384794,91.80273541666666,27.070392175065926,30.335767708333336,0.47149517748832626,0.8366837681061939,0.0385976798801577,2203.26565,462.68578649999995,1.0
