QMean,QDev,PMean,PDev,BarMean,BarDev,etaMean,etaDev,Energy,Resa,Availability
0.03484476063829786,0.010417523047109984,88.69265106382977,28.168588796930955,30.38005531914894,0.5177023593699749,0.8309119345788711,0.041903612555957676,2128.6236255319145,447.010961361702,1.0
