QMean,QDev,PMean,PDev,BarMean,BarDev,etaMean,etaDev,Energy,Resa,Availability
0.03581267291666667,0.010558016849467588,91.95041875,27.595471911364342,30.32900833333333,0.576310747641602,0.8369851418467611,0.0377974636490678,2206.81005,463.4301105,1.0
