QMean,QDev,PMean,PDev,BarMean,BarDev,etaMean,etaDev,Energy,Resa,Availability
0.036014902083333335,0.009792889639969434,91.75855,25.983790508695833,30.32105208333333,0.5305898755510949,0.8362679079897465,0.032027171781989286,2202.2052,462.46309199999996,1.0
