QMean,QDev,PMean,PDev,BarMean,BarDev,etaMean,etaDev,Energy,Resa,Availability
0.03654057291666667,0.009119227194658994,92.159221875,23.488543054230906,30.100119791666668,0.5426046194475218,0.8360092172213704,0.026681897716453958,2211.821325,464.48247825,1.0
