QMean,QDev,PMean,PDev,BarMean,BarDev,etaMean,etaDev,Energy,Resa,Availability
0.033834808333333334,0.011329404082847012,85.72779166666668,30.012638239701992,30.270129166666667,0.549579749846164,0.8320592660968963,0.03975341150984492,2057.467,432.06807,1.0
