QMean,QDev,PMean,PDev,BarMean,BarDev,etaMean,etaDev,Energy,Resa,Availability
0.03543478541666667,0.010757988742751237,90.72992812500001,28.667061271975335,30.39029583333333,0.4889820448554039,0.8387870915887213,0.036063529615055274,2177.5182750000004,457.27883775000004,0.9895833333333334
