QMean,QDev,PMean,PDev,BarMean,BarDev,etaMean,etaDev,Energy,Resa,Availability
0.037399918750000004,0.010464075923997786,94.88341458333333,27.73819560899953,30.170976041666666,0.5510760970487635,0.8355043713729091,0.038910310683066135,2277.20195,478.21240950000004,1.0
