QMean,QDev,PMean,PDev,BarMean,BarDev,etaMean,etaDev,Energy,Resa,Availability
0.03419209375,0.012375071397570237,84.13721458333333,30.787347411040802,30.351144791666666,0.536124648105463,0.8070499677680139,0.0286538728999127,2019.29315,424.0515615,1.0
