QMean,QDev,PMean,PDev,BarMean,BarDev,etaMean,etaDev,Energy,Resa,Availability
0.03682935520833333,0.009470347449109132,94.30032604166668,25.160864211762664,30.31025729166667,0.48366178281435984,0.8408436201703356,0.03389107745861812,2263.2078250000004,475.2736432500001,1.0
