QMean,QDev,PMean,PDev,BarMean,BarDev,etaMean,etaDev,Energy,Resa,Availability
0.035454898776758406,0.01218982333527177,89.63508990825689,32.001484412135845,30.201322018348623,0.6617746599522738,0.8288429826178245,0.04510440569265298,7312.58002653211,1535.6418055717431,1.0
