QMean,QDev,PMean,PDev,BarMean,BarDev,etaMean,etaDev,Energy,Resa,Availability
0.03518245574043261,0.011296870142363125,89.74504725457571,30.0280182934025,30.34914758735441,0.5571259380638847,0.8349233705984054,0.03947582230590198,26960.284716567297,5661.659790479132,0.9900166389351082
