QMean,QDev,PMean,PDev,BarMean,BarDev,etaMean,etaDev,Energy,Resa,Availability
0.030258978133624454,0.011841702740447537,76.38422296943233,31.890124158534256,30.594914628820955,0.5543819300980014,0.8187708581190913,0.04772142286823275,43801.42933415585,9198.300160172728,0.985589519650655
