QMean,QDev,PMean,PDev,BarMean,BarDev,etaMean,etaDev,Energy,Resa,Availability
0.03627465309694793,0.012806631202003638,92.16132612208257,32.81496286393272,30.20704551166966,0.8129748066294218,0.8420094790348683,0.03065591004429924,51715.20173719847,10860.192364811679,0.9636445242369839
