QMean,QDev,PMean,PDev,BarMean,BarDev,etaMean,etaDev,Energy,Resa,Availability
0.03092776898063046,0.01178442032397848,78.18159764527155,31.723023269774625,30.5583140524117,0.5569644976790878,0.8209556998097277,0.047012686555835896,51546.58237392815,10824.782298524911,0.9867071781238131
