QMean,QDev,PMean,PDev,BarMean,BarDev,etaMean,etaDev,Energy,Resa,Availability
0.035123454306436985,0.011371083088579434,89.54409220308251,30.25966177779996,30.351604261106072,0.5557935420360415,0.8347263753585464,0.03965874241002184,24685.092491443716,5183.86942320318,0.9891205802357208
