QMean,QDev,PMean,PDev,BarMean,BarDev,etaMean,etaDev,Energy,Resa,Availability
0.014304254381752703,0.01874193482910511,35.602184513805526,48.78841095173675,31.592356302521008,1.1595302003542245,0.8397383561744272,0.03767129193479085,7408.587138921869,1555.8032991735924,0.3793517406962785
