QMean,QDev,PMean,PDev,BarMean,BarDev,etaMean,etaDev,Energy,Resa,Availability
0.03552014814814814,0.012221763839476226,89.79883456790122,32.08673475390776,30.197310802469136,0.6633137340120326,0.8288856641916504,0.04526638257321803,7270.288255462276,1526.7605336470779,1.0
