QMean,QDev,PMean,PDev,BarMean,BarDev,etaMean,etaDev,Energy,Resa,Availability
0.02301946695827725,0.024634359991220475,44.47949246298789,32.680385353845274,31.0609405114401,0.4920817018745894,0.533628433554355,0.35171599511117846,16522.055740351727,3469.6317054738624,0.8122476446837147
