QMean,QDev,PMean,PDev,BarMean,BarDev,etaMean,etaDev,Energy,Resa,Availability
0.03608421338582677,0.010519742297554379,92.19071149606299,28.03747746138288,30.33453527559055,0.5187905850471706,0.8375723489082847,0.036512918489577204,14624.314998744358,3071.106149736315,0.9952755905511811
