QMean,QDev,PMean,PDev,BarMean,BarDev,etaMean,etaDev,Energy,Resa,Availability
0.03615167961956522,0.010428104362637674,92.38305339673914,27.800400476187416,30.33494266304348,0.5175005905798725,0.8377348172024998,0.036537202006677504,16978.696454397534,3565.526255423482,0.9959239130434783
