QMean,QDev,PMean,PDev,BarMean,BarDev,etaMean,etaDev,Energy,Resa,Availability
0.032156641554835726,0.014978473403695222,77.92810745025452,36.705811212200395,30.23900490513651,2.5324026252322525,0.7923347081390566,0.03507244064416261,53256.847912578436,11183.938061641471,0.965293845441925
