QMean,QDev,PMean,PDev,BarMean,BarDev,etaMean,etaDev,Energy,Resa,Availability
0.0321559388066605,0.014975044604613807,77.92746091581868,36.69733368247681,30.239130481036078,2.5318236252988324,0.7923475254506546,0.03506858687391444,53270.90923081676,11186.890938471519,0.9653098982423681
