QMean,QDev,PMean,PDev,BarMean,BarDev,etaMean,etaDev,Energy,Resa,Availability
0.03510900305206463,0.011334310898171886,89.50901517055655,30.16286487687178,30.351542908438063,0.5543973000562628,0.8347751432004585,0.039535393327491855,24919.782232174122,5233.154268756565,0.9892280071813285
