QMean,QDev,PMean,PDev,BarMean,BarDev,etaMean,etaDev,Energy,Resa,Availability
0.03617823602941176,0.010472619846537872,92.40473419117647,27.92870317547183,30.328880882352944,0.5244184303356357,0.8372741032127958,0.036731903808834086,12562.70596108936,2638.1682518287653,0.9963235294117647
