QMean,QDev,PMean,PDev,BarMean,BarDev,etaMean,etaDev,Energy,Resa,Availability
0.029167090656763095,0.01518920594761402,73.76833397185301,39.280375624018994,30.614713408913214,0.8881909837463544,0.8145102781565214,0.05333494081243528,47173.14880507787,9906.361249066353,0.9147771696637998
