QMean,QDev,PMean,PDev,BarMean,BarDev,etaMean,etaDev,Energy,Resa,Availability
0.036191808976157085,0.010555017767082429,92.45355974754558,28.141434107875078,30.33020701262272,0.5228040606588918,0.8374421086717755,0.03701881077285044,16471.834383155212,3459.0852204625944,0.9957924263674615
