QMean,QDev,PMean,PDev,BarMean,BarDev,etaMean,etaDev,Energy,Resa,Availability
0.016235304496883346,0.013826391986057406,40.4201196349065,35.245016048407024,31.16497128227961,0.6991806669071431,0.7987917464377436,0.03827406346850101,22687.285443955563,4764.3299432306685,0.7088156723063224
