QMean,QDev,PMean,PDev,BarMean,BarDev,etaMean,etaDev,Energy,Resa,Availability
0.030195739956238362,0.011875299231819408,76.26936000931099,31.99982466092322,30.61151699255121,0.5443907179194709,0.81886621865045,0.04748783783777279,40984.272782070046,8606.69728423471,0.9846368715083799
