QMean,QDev,PMean,PDev,BarMean,BarDev,etaMean,etaDev,Energy,Resa,Availability
0.027164713069376314,0.013568330111144495,67.86207193412754,36.20428313091538,30.78442557813595,0.7364975469156382,0.8088759649286359,0.05174070614560685,48432.99108420699,10170.928127683466,0.48793203913270156
