QMean,QDev,PMean,PDev,BarMean,BarDev,etaMean,etaDev,Energy,Resa,Availability
0.029098836934477377,0.015236738287165165,73.75558256630265,39.25960791178633,30.614500585023396,0.8875602480548095,0.8145102781565214,0.05333494081243528,47269.66603947784,9926.629868290345,0.9149765990639626
