QMean,QDev,PMean,PDev,BarMean,BarDev,etaMean,etaDev,Energy,Resa,Availability
0.03216289694444445,0.014979117921086808,77.94344800925926,36.70738046151096,30.238676574074073,2.5329427763724057,0.7923427540494006,0.03507918860221289,53252.71740750613,11183.070655576286,0.9652777777777778
