QMean,QDev,PMean,PDev,BarMean,BarDev,etaMean,etaDev,Energy,Resa,Availability
0.016223597678369197,0.013588836032415235,40.28024626274066,34.585907537685635,31.166035730464326,0.7323724282694966,0.7970369425238203,0.038487772080228924,21682.12928100911,4553.247149011913,0.7219705549263873
