QMean,QDev,PMean,PDev,BarMean,BarDev,etaMean,etaDev,Energy,Resa,Availability
0.03506193725379854,0.010987605454433818,89.46982391671357,29.28770109849731,30.36708694428813,0.5322462726006666,0.834719721494518,0.03902115236948976,39740.40815457944,8345.485712461683,0.9904333145751266
