QMean,QDev,PMean,PDev,BarMean,BarDev,etaMean,etaDev,Energy,Resa,Availability
0.030194479945139557,0.011763434322734,76.21608681424448,31.830828686097167,30.613462319538016,0.5220729600826691,0.8183853420878048,0.047835729482847325,39618.81561686237,8319.951279541097,0.9865255052935515
