QMean,QDev,PMean,PDev,BarMean,BarDev,etaMean,etaDev,Energy,Resa,Availability
0.022732519796650717,0.023276865998239474,45.05244940191388,32.11082065738404,31.04728708133971,0.4750305097737232,0.5474514680752632,0.3367243790889028,18831.323150674645,3954.5778616416756,0.8313397129186603
