QMean,QDev,PMean,PDev,BarMean,BarDev,etaMean,etaDev,Energy,Resa,Availability
0.021205067054263567,0.013679896537752194,52.50707131782946,35.02228396505716,30.964892441860464,0.5136642210788269,0.7910705313711353,0.03996630466187889,6769.226219592162,1421.537506114354,0.874031007751938
