QMean,QDev,PMean,PDev,BarMean,BarDev,etaMean,etaDev,Energy,Resa,Availability
0.030853754987531172,0.011296534760330948,76.70905922693267,28.747709925301184,30.576376870324186,0.43837403714331363,0.8095001732999344,0.026231157948559094,30818.312013932355,6471.845522925794,0.986284289276808
