QMean,QDev,PMean,PDev,BarMean,BarDev,etaMean,etaDev,Energy,Resa,Availability
0.014337331889290011,0.018752328146127723,35.687869675090255,48.815775161525615,31.589780866425997,1.1597215211218945,0.8397383561744272,0.03767129193479085,7413.9963122458885,1556.9392255716366,0.3802647412755716
