QMean,QDev,PMean,PDev,BarMean,BarDev,etaMean,etaDev,Energy,Resa,Availability
0.030851032037617552,0.011323483097886486,76.69731793103448,28.816381632863813,30.576314294670844,0.43926359719505637,0.8094289229128753,0.0262860584893158,30599.524143544633,6425.900070144373,0.9862068965517241
