QMean,QDev,PMean,PDev,BarMean,BarDev,etaMean,etaDev,Energy,Resa,Availability
0.0302667337384077,0.011846328939957193,76.40423748906386,31.900814466534516,30.59450975503063,0.5547343212561803,0.8188004260331795,0.047708037611561685,43700.78315282474,9177.164462093195,0.9855643044619422
