QMean,QDev,PMean,PDev,BarMean,BarDev,etaMean,etaDev,Energy,Resa,Availability
0.03019423491570541,0.012228643526823908,75.07007937000887,30.992087336196516,30.615258873114463,0.5425674569085,0.8098900244737848,0.02647089795543863,42303.574537786706,8883.750652935209,0.9622892635314996
