QMean,QDev,PMean,PDev,BarMean,BarDev,etaMean,etaDev,Energy,Resa,Availability
0.035117389812332436,0.011316656396594864,89.53655540661305,30.117040041886252,30.351918498659522,0.5536188879772629,0.8348400475135295,0.03946857942062274,25035.763940020108,5257.510427404222,0.9892761394101877
