QMean,QDev,PMean,PDev,BarMean,BarDev,etaMean,etaDev,Energy,Resa,Availability
0.036599568035375875,0.010305081182721363,92.82104756790903,26.798353221915278,30.10940972836386,0.6159547185622741,0.839032663971881,0.032557401752866345,36712.45181593776,7709.61488134693,0.9993682880606444
