QMean,QDev,PMean,PDev,BarMean,BarDev,etaMean,etaDev,Energy,Resa,Availability
0.035132892589204025,0.011399821895586696,89.5666251601098,30.33502443556446,30.351274473924978,0.5569335074723838,0.8347012928388715,0.039740021095978136,24456.83874965668,5135.936137427902,0.9890210430009149
