QMean,QDev,PMean,PDev,BarMean,BarDev,etaMean,etaDev,Energy,Resa,Availability
0.03616458870748299,0.010429317479115564,92.41690163265305,27.804146137968722,30.334318639455784,0.5175757161272925,0.837756594808866,0.03655751835514706,16975.162163247278,3564.784054281928,0.9959183673469387
