QMean,QDev,PMean,PDev,BarMean,BarDev,etaMean,etaDev,Energy,Resa,Availability
0.03602316578538103,0.010519343575756112,92.03794587869362,28.049611649093674,30.34029175738725,0.5196696096989476,0.8373858183785211,0.03666909504437826,14778.660800222222,3103.5187680466665,0.995334370139969
