QMean,QDev,PMean,PDev,BarMean,BarDev,etaMean,etaDev,Energy,Resa,Availability
0.031052224985931347,0.01128589686807531,77.23523472144062,28.72102543404804,30.570503376477205,0.43558582927480594,0.8100900702838735,0.026178015836270354,34314.88534285258,7206.1259219990425,0.9870568373663478
