QMean,QDev,PMean,PDev,BarMean,BarDev,etaMean,etaDev,Energy,Resa,Availability
0.036230569330855014,0.010494339677481581,92.54341617100373,27.984745834041945,30.327170446096655,0.5253188515553476,0.8373557443770216,0.036798946749448336,12440.277251309635,2612.4582227750234,0.9962825278810409
