QMean,QDev,PMean,PDev,BarMean,BarDev,etaMean,etaDev,Energy,Resa,Availability
0.03046187691455161,0.011841808779633783,76.9296326142132,31.89066878823987,30.585682698815567,0.5537965328969866,0.8193765018762891,0.04749645360531881,45531.935637868904,9561.70648395247,0.9860406091370558
