QMean,QDev,PMean,PDev,BarMean,BarDev,etaMean,etaDev,Energy,Resa,Availability
0.03517949869174162,0.011224500419446164,89.75113671300082,29.840520155697437,30.350552248569088,0.5538432940529195,0.8350740266482746,0.039256114266072395,27424.182817925364,5759.078391764327,0.9901880621422731
