QMean,QDev,PMean,PDev,BarMean,BarDev,etaMean,etaDev,Energy,Resa,Availability
0.03659504228824273,0.010306764838069082,92.80824159292037,26.80197914869524,30.109515297092283,0.6161350471403746,0.8390176613837922,0.03256224942005417,36697.33258832375,7706.439843547987,0.9993678887484198
