QMean,QDev,PMean,PDev,BarMean,BarDev,etaMean,etaDev,Energy,Resa,Availability
0.03715727348377997,0.011173399224264637,94.064558674189,29.158884844512034,30.098511706629054,0.6335755698844071,0.8358557932187596,0.03846095342138092,16652.588499664667,3497.04358492958,1.0
