QMean,QDev,PMean,PDev,BarMean,BarDev,etaMean,etaDev,Energy,Resa,Availability
0.006887902909336942,0.014529287582152706,44.537986941813266,31.764889293696967,31.05929106901218,0.4718560530125916,0.5059079935511918,0.30005923629272885,16450.11784862177,3454.5247482105715,0.8673883626522327
