QMean,QDev,PMean,PDev,BarMean,BarDev,etaMean,etaDev,Energy,Resa,Availability
0.03720526116152451,0.010005113683306059,94.54559047186932,25.953377887486642,30.105840199637026,0.6138183691736402,0.8414325076228537,0.029683901814442575,26029.293987482302,5466.151737371283,0.9990925589836661
