QMean,QDev,PMean,PDev,BarMean,BarDev,etaMean,etaDev,Energy,Resa,Availability
0.03503029944320713,0.010959767251972834,89.38390244988864,29.218185614418896,30.367523218262807,0.5306985902335094,0.8346621654846512,0.03894518824590076,40117.97830568918,8424.775444194727,0.9905345211581291
