QMean,QDev,PMean,PDev,BarMean,BarDev,etaMean,etaDev,Energy,Resa,Availability
0.030222958249999998,0.011748450307169164,76.29603912835249,31.79146095202386,30.612384195402303,0.5215047531120056,0.8185190370809439,0.0477637288988741,39848.59469631462,8368.204886226069,0.9865900383141762
