QMean,QDev,PMean,PDev,BarMean,BarDev,etaMean,etaDev,Energy,Resa,Availability
0.03722684771897811,0.01001634208744823,94.5991435218978,25.98111160995109,30.10472098540146,0.6145757272782686,0.8414481134702178,0.029722005002528126,25904.03091552154,5439.846492259523,0.9990875912408759
