QMean,QDev,PMean,PDev,BarMean,BarDev,etaMean,etaDev,Energy,Resa,Availability
0.036126663575268815,0.010386252701290184,92.31968521505378,27.68852509069138,30.33483629032258,0.5158343683959963,0.8377819801993711,0.036391595780968004,17162.896234760607,3604.208209299727,0.9959677419354839
