QMean,QDev,PMean,PDev,BarMean,BarDev,etaMean,etaDev,Energy,Resa,Availability
0.029810344213446166,0.012767972329675263,75.10699992164237,34.235901589830995,30.63728902993261,0.6540001865836259,0.8176629221654033,0.04890965694308843,120068.38673695727,25214.361214761026,0.9473436765397273
