QMean,QDev,PMean,PDev,BarMean,BarDev,etaMean,etaDev,Energy,Resa,Availability
0.023376718884358782,0.01847132272877066,59.00305238139363,42.90919434079567,30.871161489992588,1.3676859177725678,0.7769933179567053,0.033216937099756726,167780.8502954161,35233.97856203738,0.7789103039288362
