QMean,QDev,PMean,PDev,BarMean,BarDev,etaMean,etaDev,Energy,Resa,Availability
0.029915761667078065,0.012754850103071806,75.39503116322122,34.202257079689474,30.6326178957112,0.6530482661661582,0.8180162412222821,0.04880499911231935,122425.38350656381,25709.3305363784,0.9481641468682506
