QMean,QDev,PMean,PDev,BarMean,BarDev,etaMean,etaDev,Energy,Resa,Availability
0.029892209560959504,0.015338683471597694,75.42485850729376,39.978437662240175,30.53501453722334,1.0241624712140878,0.8250175298910158,0.047541777728752906,600342.4223267891,126071.90868862571,0.8922912474849095
