QMean,QDev,PMean,PDev,BarMean,BarDev,etaMean,etaDev,Energy,Resa,Availability
0.022414046869419058,0.01707102272011173,56.15987831179747,40.78386074408901,30.91807503414224,1.1562274761598352,0.7883245646250688,0.03535916434286544,275480.3178844488,57850.86675573425,0.7937808593339637
