QMean,QDev,PMean,PDev,BarMean,BarDev,etaMean,etaDev,Energy,Resa,Availability
0.028663010790845992,0.012862270575429716,71.98340682798725,34.47229937603076,30.695099549803043,0.6622454945128815,0.8137307390424753,0.05000900619477748,96160.09376687842,20193.619691044467,0.9379103357719002
