QMean,QDev,PMean,PDev,BarMean,BarDev,etaMean,etaDev,Energy,Resa,Availability
0.0162320875,0.015682204302284605,38.85035,37.76071612840519,31.482225,0.863691054066788,0.7816082036209868,0.011000276068569667,38698.11058681944,8126.603223232083,0.625
