QMean,QDev,PMean,PDev,BarMean,BarDev,etaMean,etaDev,Energy,Resa,Availability
0.03052125394470291,0.012654521047513962,77.05762884487571,33.92225227109053,30.59901965971022,0.6442277403805153,0.8201029418031863,0.047982235779477876,145190.1862581751,30489.939114216766,0.9534760069121361
