QMean,QDev,PMean,PDev,BarMean,BarDev,etaMean,etaDev,Energy,Resa,Availability
0.029889390516330824,0.015340706700416172,75.42676093489673,39.9770343150536,30.53496267328911,1.0241281925396792,0.8250175298910158,0.047541777728752906,600399.2169889719,126083.8355676841,0.8923014051743108
