QMean,QDev,PMean,PDev,BarMean,BarDev,etaMean,etaDev,Energy,Resa,Availability
0.028742683412134012,0.016031054766116628,73.90316897464889,40.12778172248553,30.560313074268034,1.0084943431914735,0.8202343832577149,0.07026210429135493,621477.6345456217,130510.30325458055,0.8919900023803856
