QMean,QDev,PMean,PDev,BarMean,BarDev,etaMean,etaDev,Energy,Resa,Availability
0.03139064366235489,0.012535798531676013,79.35941991155335,33.488247148008426,30.538471420674405,0.6554974157968393,0.822767485079082,0.046661350638682736,179795.24682891686,37757.00183407254,0.960530679933665
