QMean,QDev,PMean,PDev,BarMean,BarDev,etaMean,etaDev,Energy,Resa,Availability
0.029897985868710328,0.012770625940549781,75.34232122619599,34.2424938525275,30.63315513237343,0.6539449130503558,0.8179062358627273,0.04885958746435143,121916.18165645207,25602.398147854932,0.9479795633999071
