QMean,QDev,PMean,PDev,BarMean,BarDev,etaMean,etaDev,Energy,Resa,Availability
0.0313916332698518,0.012537571480855166,79.36187802477328,33.4929437542167,30.5384395487724,0.6555966572236082,0.8227669344361328,0.046667786666690886,179751.6335657533,37747.84304880819,0.9605175846051759
