QMean,QDev,PMean,PDev,BarMean,BarDev,etaMean,etaDev,Energy,Resa,Availability
0.03386003904571641,0.012353301464788994,85.77494666418882,32.54229714864352,30.433061122467944,0.753380362309834,0.8288809565884836,0.04414257996891698,346823.3009178218,72832.89319274257,0.9702038035061636
