QMean,QDev,PMean,PDev,BarMean,BarDev,etaMean,etaDev,Energy,Resa,Availability
0.029450580423459063,0.015950698377727102,73.89359483579247,40.16293064028335,30.560504735840073,1.0088933146932397,0.8145429390515226,0.0964440858012397,621552.5245935094,130526.03016463696,0.8895466444550214
