QMean,QDev,PMean,PDev,BarMean,BarDev,etaMean,etaDev,Energy,Resa,Availability
0.029400998660286372,0.015923526086147978,73.76008087095438,40.141354850018494,30.562583089758004,1.0067216743451486,0.8136234885619017,0.09809554624402128,623861.7805387871,131010.9739131453,0.8900656765871842
