QMean,QDev,PMean,PDev,BarMean,BarDev,etaMean,etaDev,Energy,Resa,Availability
0.021771034651716772,0.01676269855374829,54.510886516346304,40.496973033215426,30.949862403482832,1.0653494392290668,0.7921153437201485,0.03577475368584116,339807.55680144514,71359.58692830347,0.7820354854608181
