QMean,QDev,PMean,PDev,BarMean,BarDev,etaMean,etaDev,Energy,Resa,Availability
0.02194773718697496,0.016734693301716355,54.94030293623489,40.462937171908315,30.943656884550766,1.0586673649457485,0.7927170525369803,0.03568388755681553,351371.86727953004,73788.0921287013,0.78518281462517
