QMean,QDev,PMean,PDev,BarMean,BarDev,etaMean,etaDev,Energy,Resa,Availability
0.030166327392918826,0.012765195412153407,76.07803850028785,34.205927603427995,30.6151103626943,0.6537626408902242,0.818859141766558,0.04855825373904395,132406.9578534975,27805.461149234474,0.9503454231433506
