QMean,QDev,PMean,PDev,BarMean,BarDev,etaMean,etaDev,Energy,Resa,Availability
0.02972603074888606,0.01277998248346113,74.8734918204965,34.26784363036299,30.641331810948444,0.655517177486197,0.8173187166500083,0.04903025280760757,117882.78055225388,24755.383915973314,0.9466900063653724
