QMean,QDev,PMean,PDev,BarMean,BarDev,etaMean,etaDev,Energy,Resa,Availability
0.033363020691739666,0.012613700365557725,84.48346365018462,33.277872325707904,30.486340809382465,0.7630794323377382,0.8269786739208932,0.04564897568737341,292746.8414917704,61476.83671327178,0.9652501266922464
