QMean,QDev,PMean,PDev,BarMean,BarDev,etaMean,etaDev,Energy,Resa,Availability
0.030084319028471307,0.012777583429765971,75.84812358008467,34.24241109722622,30.61935040151847,0.6539176497891063,0.8185839218706481,0.048655593035908565,130130.75049218499,27327.457603358846,0.9496276828734121
