QMean,QDev,PMean,PDev,BarMean,BarDev,etaMean,etaDev,Energy,Resa,Availability
0.022572745118008407,0.01709953774858154,56.55367439918095,40.78839831293169,30.911790392283653,1.1669409627256029,0.7879500680492746,0.03523840858782044,276110.98341111117,57983.306516333345,0.7972303049897618
