QMean,QDev,PMean,PDev,BarMean,BarDev,etaMean,etaDev
0.029154833684210534,0.009891484223029642,72.98498105263158,27.618721585148666,30.70572105263158,0.33965692966959504,0.8039316289718021,0.05257911075153591
