QMean,QDev,PMean,PDev,BarMean,BarDev,etaMean,etaDev,Energy,Resa,Availability
0.028968473076071432,0.012827385617191827,72.80964944642857,34.38238111727159,30.676975482142858,0.6612892551977131,0.8147913949180284,0.049763490245346625,102175.13613664902,21456.778588696292,0.9405357142857143
