QMean,QDev,PMean,PDev,BarMean,BarDev,etaMean,etaDev,Energy,Resa,Availability
0.023376484513438368,0.018472846139993438,59.002744995366086,42.912621115204935,30.871187775718255,1.3678080587430157,0.7769878588005669,0.03321793247768186,167757.93213258724,35229.16574784332,0.7788693234476367
