QMean,QDev,PMean,PDev,BarMean,BarDev,etaMean,etaDev,Energy,Resa,Availability
0.03381915668869309,0.01239452630812465,85.68164250143651,32.66034315041052,30.44271776798825,0.7549891359125965,0.8287349886857499,0.04432233881265728,336155.5972413984,70592.67542069366,0.9692906850539488
