QMean,QDev,PMean,PDev,BarMean,BarDev,etaMean,etaDev,Energy,Resa,Availability
0.030095075036562276,0.012768528136474305,75.87881576110706,34.21904407573892,30.618777596504007,0.6535118401639156,0.8186437930321813,0.0486218163300039,130482.34976503612,27401.293450657584,0.9497450837581938
