QMean,QDev,PMean,PDev,BarMean,BarDev,etaMean,etaDev,Energy,Resa,Availability
0.03020962163444153,0.015126026783377424,76.21860888159108,39.4745533940186,30.50882627209328,1.0303190171417924,0.8257156859038619,0.04709594460863571,517047.6492511207,108580.00634273535,0.9000405889081584
