QMean,QDev,PMean,PDev,BarMean,BarDev,etaMean,etaDev,Energy,Resa,Availability
0.000576570141150923,0.0008094864782220948,19.263468512486433,29.85683110229179,31.60466395222584,0.46739495095391614,,,4435.05511044713,931.3615731938972,0.3583061889250814
