QMean,QDev,PMean,PDev,BarMean,BarDev,etaMean,etaDev,Energy,Resa,Availability
0.021767497629319198,0.016764574738761553,54.5019087061917,40.501213257751054,30.949996409055423,1.0655142792529457,0.7921000073959699,0.03577735631888604,339599.47044205666,71315.8887928319,0.7819548872180451
