QMean,QDev,PMean,PDev,BarMean,BarDev,etaMean,etaDev,Energy,Resa,Availability
0.03052515894006895,0.012644203142849964,77.0684372182445,33.895346638430574,30.5985392601432,0.6437335446401492,0.8201279411282208,0.04794658034709043,145569.00500774293,30569.491051626013,0.9535932113497746
