QMean,QDev,PMean,PDev,BarMean,BarDev,etaMean,etaDev,Energy,Resa,Availability
0.021849497675461852,0.01675495590170546,54.70562970515069,40.48833544915504,30.946801753598955,1.0627494746640926,0.7923395536635185,0.03576010263077353,343348.4270541567,72103.1696813729,0.783532482362057
