QMean,QDev,PMean,PDev,BarMean,BarDev,etaMean,etaDev,Energy,Resa,Availability
0.028551377655815724,0.012865048081997408,71.6813206167904,34.475626026733536,30.700565600609178,0.6632988431580912,0.8133796993716055,0.05010515559638455,94330.30820025408,19809.364722053357,0.9369883875880449
