QMean,QDev,PMean,PDev,BarMean,BarDev,etaMean,etaDev,Energy,Resa,Availability
0.02981205611613711,0.012764297138771159,75.11301673188294,34.22754112698952,30.63748927844733,0.6537406419229234,0.817669739736432,0.048904954373763465,120223.74551418422,25246.986557978686,0.9474096102676475
