QMean,QDev,PMean,PDev,BarMean,BarDev,etaMean,etaDev,Energy,Resa,Availability
0.030207433753274546,0.015127612720299114,76.21298451462938,39.47852617423228,30.508985193521013,1.0304475146699836,0.8257156859038619,0.04709594460863571,517036.0213294073,108577.56447917553,0.8999741726008191
