QMean,QDev,PMean,PDev,BarMean,BarDev,etaMean,etaDev,Energy,Resa,Availability
0.030180923780456306,0.012752573267217395,76.12029055818626,34.17392519446923,30.614555431195292,0.6530658814488361,0.8189388372047993,0.04851656501834448,132872.3863750715,27903.201138765016,0.9504950495049505
