QMean,QDev,PMean,PDev,BarMean,BarDev,etaMean,etaDev,Energy,Resa,Availability
0.029727709272813995,0.012775740057239901,74.87835295707471,34.25662845635887,30.641180063593005,0.6553440297039994,0.8173317603261571,0.04901572167805581,118004.76913766925,24781.001518910543,0.9467408585055644
