QMean,QDev,PMean,PDev,BarMean,BarDev,etaMean,etaDev,Energy,Resa,Availability
0.029916263481870084,0.012755770101741072,75.39624863446998,34.20475518785438,30.632593056627062,0.6530955842056078,0.8180156035354353,0.04880902337312055,122419.40192621862,25708.074404505907,0.948156148742478
