QMean,QDev,PMean,PDev,BarMean,BarDev,etaMean,etaDev,Energy,Resa,Availability
0.033819370154882795,0.012396225298638732,85.68199444976688,32.66475222322936,30.442768518873343,0.7550875123720192,0.828731042064222,0.044328700762681264,336030.1686918212,70566.33542528245,0.9692789167784378
