QMean,QDev,PMean,PDev,BarMean,BarDev,etaMean,etaDev,Energy,Resa,Availability
0.030078459208363797,0.01278275954013467,75.83169849393185,34.25598270284602,30.61968919432666,0.6541466869470388,0.8185543519309951,0.048673933940554796,129904.05984276866,27279.85256698142,0.9495540283667203
