QMean,QDev,PMean,PDev,BarMean,BarDev,etaMean,etaDev,Energy,Resa,Availability
0.029886572003363296,0.015342728763116351,75.42351841327716,39.97671223715639,30.53501241591752,1.0240937106157348,0.8250175298910158,0.047541777728752906,600438.7944225755,126092.14682874085,0.8923115609480103
