QMean,QDev,PMean,PDev,BarMean,BarDev,etaMean,etaDev,Energy,Resa,Availability
0.023376046047632285,0.018472046332367785,59.00142813455658,42.910850741192334,30.87119491242702,1.3677448809142172,0.7769877223036884,0.0332156909325311,167765.25077207954,35230.702662136704,0.7788898155870633
