QMean,QDev,PMean,PDev,BarMean,BarDev,etaMean,etaDev,Energy,Resa,Availability
0.02846610688941642,0.01285915299213563,71.45163600395648,34.5114815499907,30.71210286844708,0.6544960009668387,0.8130446394340024,0.05019494741879875,90478.43261242005,19000.47084860821,0.9355093966369931
