QMean,QDev,PMean,PDev,BarMean,BarDev,etaMean,etaDev,Energy,Resa,Availability
0.029920580681972262,0.012748806355888986,75.40870731895222,34.18629325972565,30.63223876733436,0.652836443428547,0.8180481475850879,0.04878507625525152,122607.56184832616,25747.587988148494,0.9482280431432973
