QMean,QDev,PMean,PDev,BarMean,BarDev,etaMean,etaDev,Energy,Resa,Availability
0.02847528502952102,0.01289542149255538,71.49725818181818,34.56405064499439,30.710568973607035,0.6610308173563778,0.8132529214519567,0.05007583861328721,91613.8856266505,19238.915981596605,0.9352883675464321
