QMean,QDev,PMean,PDev,BarMean,BarDev,etaMean,etaDev,Energy,Resa,Availability
0.03386065223085976,0.012353164538054887,85.7766380141229,32.541998805005946,30.43303072968285,0.7533669255365418,0.8288831456559508,0.04414199127658301,346839.43220864673,72836.28076381581,0.9702056491575818
