QMean,QDev,PMean,PDev,BarMean,BarDev,etaMean,etaDev,Energy,Resa,Availability
0.028450894514568878,0.012865063984125623,71.40910182358772,34.52631927247836,30.71274459861249,0.6548366609077739,0.8129756350583671,0.05022253522731987,90248.40975357957,18952.16604825171,0.9353815659068384
