QMean,QDev,PMean,PDev,BarMean,BarDev,etaMean,etaDev,Energy,Resa,Availability
0.03168336978105442,0.012524214963067305,80.10894778826774,33.41377886772018,30.517077171952902,0.6613788260027839,0.8235801206076502,0.04624871487952637,189139.91827884523,39719.382838557496,0.96213005197836
