QMean,QDev,PMean,PDev,BarMean,BarDev,etaMean,etaDev,Energy,Resa,Availability
0.028549304437131443,0.012862085422511833,71.67619571999239,34.46848493619173,30.700661270686705,0.6630729184075399,0.8133708733863728,0.0501077625776917,94428.74881842255,19830.037251868736,0.9370363325090356
