QMean,QDev,PMean,PDev,BarMean,BarDev,etaMean,etaDev,Energy,Resa,Availability
0.022401056640702032,0.016854303399957055,56.083079614474464,40.37616995998153,30.917697776572666,1.1274073199795402,0.7887640002301592,0.03548022491935274,292580.95528097736,61442.00060900524,0.7996450404259515
