TAG,Name,last_power,last_eta,state,Energy
TF,Torrino Foresta,0.0,0.0,A,0.0
PAR,Partitore,65.3765,0.7959764507714865,O,1052.5951465494793
ST,San Teodoro,140.6904,0.8072910178496073,O,2129.551267532986
PG,Ponte Giurino,95.5846,inf,O,442.2177300128204
ZG,Zilio Group,7501.21,,A,6379.512401886421
