TAG,Name,last_power,last_eta,state,Energy
PAR,Partitore,57.174,0.7206637827471649,O,466.0720592142857
TF,Torrino Foresta,201.006,0.7514538571910012,O,1816.692819219219
PG,Ponte Giurino,57.2937,0.7946861806869896,O,1050.57388762988
ST,San Teodoro,119.421,0.8111230828808083,O,1230.6888188438097
