TAG,Name,last_power,last_eta,state,Energy
PG,Ponte Giurino,44.7925,0.7759773724097137,O,1136.7365294782603
TF,Torrino Foresta,230.4157,0.7869020863937968,O,2637.3113806376805
ST,San Teodoro,139.295,0.7890393382292182,O,1383.326704626087
PAR,Partitore,65.469,0.7969389597337648,O,758.8487051630436
ZG,Zilio Group,35764.6,,O,94332.70011162006
