TAG,Name,last_power,last_eta,state,Energy
TF,Torrino Foresta,0.0,0.0,O,0.0
PAR,Partitore,65.4275,0.7970771053832437,O,1008.6124983198926
ST,San Teodoro,140.7859,0.8059268435737592,A,2036.370855151434
PG,Ponte Giurino,63.3301,inf,A,373.1495745846774
ZG,Zilio Group,7501.21,,O,6112.105041560495
