TAG,Name,last_power,last_eta,state,Energy
PG,Ponte Giurino,0.0,-0.0,A,0.0
TF,Torrino Foresta,208.1665,0.7547853318746387,O,2949.054017153509
ST,San Teodoro,145.6708,0.7787307330311753,O,1968.1012191848488
PAR,Partitore,64.09,0.7929964862702614,O,904.3103269696974
ZG,Zilio Group,6.22917,,O,30.17179117462121
