TAG,Name,last_power,last_eta,state,Energy
TF,Torrino Foresta,0.0,0.0,A,0.0
PG,Ponte Giurino,33.0871,0.5884684986639431,O,668.6022668954678
PAR,Partitore,64.612,0.7840266795147305,O,603.7719607657659
ST,San Teodoro,140.1702,0.8065941400296565,O,1308.3380475789472
ZG,Zilio Group,0.0,,O,1.5917608508641972
