TAG,Name,last_power,last_eta,state,Energy
PAR,Partitore,50.327,0.7012486689953041,O,452.2211257380952
TF,Torrino Foresta,213.5812,0.7706916964979194,O,237.1985384351852
ST,San Teodoro,151.3591,0.7879451851551349,O,1383.9270205111109
PG,Ponte Giurino,64.2883,0.8184849980390563,O,930.1065671049384
