TAG,Name,last_power,last_eta,state,Energy
TF,Torrino Foresta,201.0211,0.7150666957976037,O,2285.052743024155
ST,San Teodoro,143.5598,0.790735840258822,O,1524.3938629007412
PAR,Partitore,57.6745,0.791443188932345,O,654.5274704347825
PG,Ponte Giurino,109.0647,0.8617598744371877,O,1171.4169690229471
ZG,Zilio Group,19702.0,,O,96340.03918177518
