TAG,Name,last_power,last_eta,state,Energy
PG,Ponte Giurino,0.0,0.0,A,0.0
TF,Torrino Foresta,153.677,0.5800382923184905,O,2432.0524915967744
ST,San Teodoro,143.36,0.7795089956689425,A,0.0
PAR,Partitore,57.4785,0.7872716864696792,O,899.488104094982
ZG,Zilio Group,19702.0,,O,96340.03918177518
