TAG,Name,last_power,last_eta,state,Energy
TF,Torrino Foresta,230.6524,0.7881188677247853,O,2681.306479444444
PAR,Partitore,65.5995,0.7983381778036667,O,771.3015889361702
ST,San Teodoro,139.5722,0.8002492655531714,O,1410.8946949607564
PG,Ponte Giurino,76.5303,0.8184179372410256,O,1149.5797101501182
ZG,Zilio Group,35764.6,,O,94332.70011162006
