TAG,Name,last_power,last_eta,state,Energy
TF,Torrino Foresta,0.0,0.0,O,0.0
PAR,Partitore,65.4275,0.7970771053832437,O,1016.4777414314516
ST,San Teodoro,140.7859,0.8059268435737592,A,2052.212651795699
PG,Ponte Giurino,63.3301,inf,A,376.0517815604839
ZG,Zilio Group,19702.0,,O,96340.03918177518
