TAG,Name,last_power,last_eta,state,Energy
TF,Torrino Foresta,193.8045,0.7004992154510938,O,1794.0654429729732
PAR,Partitore,56.9145,0.7774053442011615,O,522.6141338734567
ST,San Teodoro,118.7969,0.7819472811967091,O,1171.885857615818
PG,Ponte Giurino,126.3602,0.860553380376136,W,1005.8077187555556
ZG,Ponte Giurino,19702.0,,W,96340.03918177518
