TAG,Name,last_power,last_eta,state,Energy
ST,San Teodoro,38.91835,0.6943884454186519,O,1173.924313142361
TF,Torrino Foresta,196.1341,0.7081507318331404,O,1757.6700728125002
PG,Ponte Giurino,33.7675,0.7391685499994497,O,773.9952073503086
PAR,Partitore,69.8105,0.7900060808927766,O,579.8110231905864
ZG,Zilio Group,7789.78,,O,9414.715524685958
