TAG,Name,last_power,last_eta,state,Energy
TF,Torrino Foresta,201.8968,0.7179276391690389,O,1999.4875494166668
PAR,Partitore,57.685,0.783628358537117,O,563.1801327243589
ST,San Teodoro,135.7044,0.8067617130697715,O,1363.1439086505843
PG,Ponte Giurino,69.9818,0.8409611489823317,O,999.1360705263888
ZG,Zilio Group,19702.0,,O,96340.03918177518
