TAG,Name,last_power,last_eta,state,Energy
TF,Torrino Foresta,55.1054,0.4114402583426815,O,697.9389737647059
PAR,Partitore,49.9045,0.7000202250991306,O,842.5067430639732
ST,San Teodoro,149.1598,0.7870747784328365,O,2604.456618863636
PG,Ponte Giurino,49.9931,0.7913939950041184,O,1618.0531703513072
