TAG,Name,last_power,last_eta,state,Energy
PG,Ponte Giurino,0.0,0.0,A,0.0
TF,Torrino Foresta,153.9391,0.5796925321040283,O,2485.1901882700854
ST,San Teodoro,143.36,0.7795089956689425,A,0.0
PAR,Partitore,57.4845,0.7836414768819191,O,919.4438994965276
ZG,Zilio Group,19702.0,,O,96340.03918177518
