TAG,Name,last_power,last_eta,state,Energy
TF,Torrino Foresta,201.7857,0.7201946032403992,O,2296.805341479013
PAR,Partitore,57.345,0.782294561162367,O,648.9784787407408
ST,San Teodoro,131.201,0.80602846997164,O,1547.2358716369954
PG,Ponte Giurino,56.1615,0.8147224712492166,O,1124.6676290205316
ZG,Zilio Group,19702.0,,O,96340.03918177518
