TAG,Name,last_power,last_eta,state,Energy
ST,San Teodoro,139.7422,0.7804544183449444,O,1356.4856321439506
TF,Torrino Foresta,230.2614,0.787018741508371,O,2595.109071187654
PAR,Partitore,65.1355,0.793760244545662,O,746.8181901574075
PG,Ponte Giurino,63.1608,0.8019477429805079,O,1131.7315411055556
ZG,Zilio Group,31184.4,,O,64969.50897845616
