TAG,Name,last_power,last_eta,state,Energy
TF,Torrino Foresta,201.1779,0.7144044597040055,"Series([], Name: Plant state, dtype: object)",0.0
PG,Ponte Giurino,4.3375,0.783158255283592,A,0.0
ST,San Teodoro,116.8052,0.7961875225391212,O,1268.6998299047618
PAR,Partitore,66.9195,0.8011062285649266,O,697.1703373015873
ZG,Zilio Group,2002.34,,O,299184.3010535928
