TAG,Name,last_power,last_eta,state,Energy
TF,Torrino Foresta,0.0,0.0,A,0.0
PAR,Partitore,65.6005,0.7903004211578344,O,997.355459965278
ST,San Teodoro,132.388,0.8059295589272193,O,1740.4988367544447
PG,Ponte Giurino,61.3829,0.8078867141167934,O,1389.5981667037038
ZG,Zilio Group,44447.2,,A,
