TAG,Name,last_power,last_eta,state,Energy
TF,Torrino Foresta,230.2614,0.787018741508371,O,2552.10968752716
ST,San Teodoro,139.1677,0.7955515965752679,O,1329.311164112121
PAR,Partitore,65.4575,0.7971737490139398,O,734.8373730303031
PG,Ponte Giurino,63.1608,0.8019477429805079,O,1112.5430035530862
ZG,Zilio Group,31184.4,,O,64969.50897845616
