TAG,Name,last_power,last_eta,state,Energy
TF,Torrino Foresta,0.0,0.0,A,0.0
PG,Ponte Giurino,0.0,0.0,A,625.1296861130603
PAR,Partitore,65.038,0.7890491602106144,O,929.063857777778
ST,San Teodoro,140.4734,0.805657170894183,O,1892.5684704727184
ZG,Zilio Group,15.2431,,A,
