TAG,Name,last_power,last_eta,state,Energy
TF,Torrino Foresta,0.0,0.0,A,0.0
PG,Ponte Giurino,33.1761,0.5903975481621683,O,749.1146285217392
PAR,Partitore,70.444,0.7895376294018724,O,741.1269036388888
ST,San Teodoro,93.65846,0.8279169775501722,O,1591.1637562434782
ZG,Zilio Group,0.0,,O,1.5917608508641972
