TAG,Name,last_power,last_eta,state,Energy
TF,Torrino Foresta,0.0,0.0,A,0.0
PG,Ponte Giurino,41.9091,0.7061171243177047,O,666.1384296
PAR,Partitore,65.298,0.7957532262588188,O,646.8142957692307
ST,San Teodoro,140.3255,0.8060460186532123,O,1402.826549038889
ZG,Zilio Group,1847.09,,O,714.1498049430022
