TAG,Name,last_power,last_eta,state,Energy
PG,Ponte Giurino,0.0,-0.0,A,469.3661868194444
TF,Torrino Foresta,209.5359,0.7616124264020627,O,2535.2304628571437
ST,San Teodoro,150.1268,0.779702522977061,O,1673.7426781669033
PAR,Partitore,63.5905,0.7861204352535359,O,777.4383928014183
ZG,Zilio Group,6.22917,,O,30.17179117462121
