TAG,Name,last_power,last_eta,state,Energy
TF,Torrino Foresta,0.0,0.0,A,0.0
PAR,Partitore,65.286,0.7897523634219579,O,808.93806292517
ST,San Teodoro,134.1119,0.7982000448116799,O,1511.9886931482993
PG,Ponte Giurino,83.1636,0.8209417917873912,O,1196.5592037611111
ZG,Zilio Group,44447.2,,A,
