TAG,Name,last_power,last_eta,state,Energy
TF,Torrino Foresta,207.4053,0.7313813362473942,O,2382.529955253623
ST,San Teodoro,140.0594,0.7786304542089447,O,1435.525876101087
PAR,Partitore,64.604,0.7867148707701227,O,759.8328524456522
PG,Ponte Giurino,95.2718,0.8703504606779212,O,45.03190514893617
ZG,Zilio Group,44447.2,,A,
CAN,Canaletta,0.0,,O,0.0
