TAG,Name,last_power,last_eta,state,Energy
TF,Torrino Foresta,0.0,0.0,A,0.0
PAR,Partitore,66.402,0.7952444182005601,O,1187.5131875887346
ST,San Teodoro,127.579,0.8001648563243287,O,2115.4279063104163
PG,Ponte Giurino,70.2973,0.8167178567454575,O,1624.2089274001612
ZG,Zilio Group,44447.2,,W,
