TAG,Name,last_power,last_eta,state,Energy
TF,Torrino Foresta,0.0,0.0,A,0.0
PAR,Partitore,65.394,0.7963890917356446,O,1109.2124232291671
ST,San Teodoro,140.5483,0.8048231501985519,O,2252.578183496323
PG,Ponte Giurino,31.7807,inf,O,476.1630477361111
ZG,Zilio Group,7501.21,,A,6724.554157145681
