TAG,Name,last_power,last_eta,state,Energy
TF,Torrino Foresta,0.0,0.0,A,0.0
PAR,Partitore,66.137,0.7929126338540757,O,1171.8919684428795
ST,San Teodoro,126.1327,0.7990305675978117,O,2085.328723227778
PG,Ponte Giurino,70.2973,0.8167178567454575,O,1602.8184614363931
ZG,Zilio Group,44447.2,,W,
