TAG,Name,last_power,last_eta,state,Energy
TF,Torrino Foresta,200.7544,0.7139685958251796,O,2307.086917186761
ST,San Teodoro,143.5598,0.790735840258822,O,1539.206779081482
PAR,Partitore,57.6745,0.791443188932345,O,660.9362789673913
PG,Ponte Giurino,113.0801,0.8627217505640833,O,1185.1203196430265
ZG,Zilio Group,19702.0,,O,96340.03918177518
