TAG,Name,last_power,last_eta,state,Energy
TF,Torrino Foresta,205.9419,0.7246263153988354,O,1941.441276771772
PG,Ponte Giurino,31.8166,0.7329263619560522,O,759.4401263377192
PAR,Partitore,65.76,0.7965075755256853,O,607.7492798798802
ST,San Teodoro,131.2804,0.7966959417419204,O,1256.6880244699698
ZG,Zilio Group,26337.0,,O,21988.305274359263
