TAG,Name,last_power,last_eta,state,Energy
TF,Torrino Foresta,201.1779,0.7144044597040055,"Series([], Name: Plant state, dtype: object)",0.0
PG,Ponte Giurino,4.3375,0.783158255283592,A,0.0
PAR,Partitore,66.887,0.7944015465314233,O,685.3247919512194
ST,San Teodoro,116.8077,0.7965225010876984,O,1248.426350626016
ZG,Zilio Group,2002.34,,O,299184.3010535928
