TAG,Name,last_power,last_eta,state,Energy
TF,Torrino Foresta,0.0,0.0,A,0.0
PAR,Partitore,66.0135,0.7921595192957464,O,1169.1644359365082
ST,San Teodoro,128.8047,0.7978218528155412,O,2078.258180663016
PG,Ponte Giurino,70.2973,0.8167178567454575,O,1598.8741201948474
ZG,Zilio Group,44447.2,,A,
