,Power,Var2,Var3,Eta
last_value,-0.48,2.525879,0.1550091199717575,-0.01225499058589161
MaxScala,250.0,,,100.0
Media,0.0,,,0.0
Dev,0.0,,,0.0
