,Power,Var2,Var3,Eta
last_value,-0.4624,1.623718,0.09620618981308961,-0.02959005297798839
MaxScala,250.0,,,100.0
Media,0.0,,,0.0
Dev,0.0,,,0.0
