,Power,Var2,Var3,Eta
last_value,0.0,5.232361,0.14820336556377117,0.0
MaxScala,250.0,,,100.0
Media,0.0,,,0.0
Dev,0.0,,,0.0
