,Power,Var2,Var3,Eta
last_value,-0.4576,0.901978,0.00048414301684743174,-10.475094179726415
MaxScala,250.0,,,100.0
Media,0.0,,,0.0
Dev,0.0,,,0.0
