,Power,Var2,Var3,Eta
last_value,-0.2752,5.773621,0.06778708298193657,-0.0070290195203614085
MaxScala,250.0,,,100.0
Media,0.0,,,0.0
Dev,0.0,,,0.0
