,Power,Var2,Var3,Eta
last_value,0.0,5.412781,0.06802920352246651,0.0
MaxScala,250.0,,,100.0
Media,0.0,,,0.0
Dev,0.0,,,0.0
