,Power,Var2,Var3,Eta
last_value,-0.4128,4.51062,0.09280326357699022,-0.009857839336348697
MaxScala,250.0,,,100.0
Media,0.0,,,0.0
Dev,0.0,,,0.0
