,Power,Var2,Var3,Eta
last_value,-0.464,1.443298,0.0966902347657246,-0.03323692931805686
MaxScala,250.0,,,100.0
Media,0.0,,,0.0
Dev,0.0,,,0.0
