,Power,Var2,Var3,Eta
last_value,-0.4128,5.412781,0.09280326357699022,-0.008214809959486844
MaxScala,250.0,,,100.0
Media,0.0,,,0.0
Dev,0.0,,,0.0
