,Power,Var2,Var3,Eta
last_value,-0.4416,1.262817,0.0966902347657246,-0.036153268601226106
MaxScala,250.0,,,100.0
Media,0.0,,,0.0
Dev,0.0,,,0.0
