,Power,Var2,Var3,Eta
last_value,-0.2656,5.232361,0.06704679624217938,-0.007568222261895597
MaxScala,250.0,,,100.0
Media,0.0,,,0.0
Dev,0.0,,,0.0
