,Power,Var2,Var3,Eta
last_value,0.0,3.969299,0.12271735932688725,0.0
MaxScala,250.0,,,100.0
Media,0.0,,,0.0
Dev,0.0,,,0.0
