,Power,Var2,Var3,Eta
last_value,-0.448,1.443298,0.09640555435699295,-0.0321855907943748
MaxScala,250.0,,,100.0
Media,0.0,,,0.0
Dev,0.0,,,0.0
