,Power,Var2,Var3,Eta
last_value,-0.4112,3.42804,0.09135103065487281,-0.013126087985645681
MaxScala,250.0,,,100.0
Media,0.0,,,0.0
Dev,0.0,,,0.0
