,Power,Var2,Var3,Eta
last_value,-0.512,4.14978,0.08843224743562085,-0.013946838206290212
MaxScala,250.0,,,100.0
Media,0.0,,,0.0
Dev,0.0,,,0.0
