QMean,QDev,PMean,PDev,BarMean,BarDev,etaMean,etaDev,Energy,Resa,Availability
1.1225028222222222,0.2992422735382961,-0.44117333333333336,0.01112815049023571,0.11365942516937871,0.01430300429404038,-0.03602737981437668,0.01142293120050401,-4.956827496296296,-1.0409337742222222,0.0
