QMean,QDev,PMean,PDev,BarMean,BarDev,etaMean,etaDev,Energy,Resa,Availability
4.8739912499999996,0.32037018149663604,0.0,0.0,0.14657564809548404,0.00018715745060545052,0.0,0.0,0.0,0.0,0.0
