QMean,QDev,PMean,PDev,BarMean,BarDev,etaMean,etaDev,Energy,Resa,Availability
0.0,0.0,-0.47283692307692304,0.012910622570113685,0.13952320727304546,0.0002613872016338913,,,-7.593366953846153,-1.594607060307692,0.0
