QMean,QDev,PMean,PDev,BarMean,BarDev,etaMean,etaDev,Energy,Resa,Availability
0.0,0.0,-0.46784,0.021931675722570765,0.14055221183831174,0.00018556251120514694,,,-4.668913244444444,-0.9804717813333332,0.0
