QMean,QDev,PMean,PDev,BarMean,BarDev,etaMean,etaDev,Energy,Resa,Availability
0.0,0.0,-0.47124210526315785,0.011623493260111912,0.14234479273870634,0.000126013398288643,,,-6.729860865497075,-1.4132707817543857,0.0
