QMean,QDev,PMean,PDev,BarMean,BarDev,etaMean,etaDev,Energy,Resa,Availability
0.0,0.0,-0.4731612903225807,0.013100250611228896,0.13954802362651575,0.00024136573662371995,,,-7.263551541218638,-1.525345823655914,0.0
