QMean,QDev,PMean,PDev,BarMean,BarDev,etaMean,etaDev,Energy,Resa,Availability
0.0,0.0,-0.4474666666666667,0.011000490609549817,0.1598093304829335,0.0004093133179383565,,,-7.043622518518519,-1.4791607288888888,0.0
