QMean,QDev,PMean,PDev,BarMean,BarDev,etaMean,etaDev,Energy,Resa,Availability
3.89568093877551,0.6044096297362362,0.0,0.0,0.14831319147777963,0.00018239084589169452,0.0,0.0,0.0,0.0,0.0
