QMean,QDev,PMean,PDev,BarMean,BarDev,etaMean,etaDev,Energy,Resa,Availability
1.139992404255319,0.3049002908252913,-0.44177021276595746,0.011348482228514119,0.1129209761019601,0.014427071911248417,-0.035793763544913273,0.011214943514888108,-5.129074884160757,-1.077105725673759,0.0
