QMean,QDev,PMean,PDev,BarMean,BarDev,etaMean,etaDev,Energy,Resa,Availability
0.0,0.0,-0.448,0.011616010171642082,0.15983380077274598,0.0004278404784511338,,,-7.2062044444444435,-1.513302933333333,0.0
