QMean,QDev,PMean,PDev,BarMean,BarDev,etaMean,etaDev,Energy,Resa,Availability
4.395338111111112,0.4907432745044205,0.0,0.0,0.12339994889764928,0.000327667800588851,0.0,0.0,0.0,0.0,0.0
