QMean,QDev,PMean,PDev,BarMean,BarDev,etaMean,etaDev,Energy,Resa,Availability
4.868943788732395,0.31976289839944616,0.0,0.0,0.14657999539788796,0.00018482567849462223,0.0,0.0,0.0,0.0,0.0
