QMean,QDev,PMean,PDev,BarMean,BarDev,etaMean,etaDev,Energy,Resa,Availability
0.0,0.0,-0.605263157894737,0.11333038896832531,0.1405729117742087,0.0002294868532832923,,,-5.648114035087721,-1.1861039473684214,0.0
