QMean,QDev,PMean,PDev,BarMean,BarDev,etaMean,etaDev,Energy,Resa,Availability
4.8684774,0.33023379309458933,0.0,0.0,0.1465927720137813,0.00018048719452210422,0.0,0.0,0.0,0.0,0.0
