QMean,QDev,PMean,PDev,BarMean,BarDev,etaMean,etaDev,Energy,Resa,Availability
0.0,0.0,-0.4732235294117646,0.012841455360610286,0.13951440044117355,0.00025976983364798487,,,-7.992745411764704,-1.6784765364705878,0.0
