QMean,QDev,PMean,PDev,BarMean,BarDev,etaMean,etaDev,Energy,Resa,Availability
5.432285864864864,0.24381813111339853,0.0,0.0,0.06860869675842121,0.00028513898908887053,0.0,0.0,0.0,0.0,0.0
