QMean,QDev,PMean,PDev,BarMean,BarDev,etaMean,etaDev,Energy,Resa,Availability
0.0,0.0,-0.47107368421052637,0.10677620230020668,0.15404067909983246,5.673224593533084e-05,,,-6.625913076023393,-1.3914417459649124,0.0
