QMean,QDev,PMean,PDev,BarMean,BarDev,etaMean,etaDev,Energy,Resa,Availability
4.2715453000000005,0.587982149697897,-0.41732,0.010430033556992999,0.09010091297781789,0.0015418491185413626,-0.01103905831632881,0.0014658123564224245,-4.100864533333334,-0.861181552,0.0
