QMean,QDev,PMean,PDev,BarMean,BarDev,etaMean,etaDev,Energy,Resa,Availability
0.0,0.0,-0.47937959183673473,0.11296462328587262,0.1540304691512002,4.312906484810175e-05,,,-5.791171791383221,-1.2161460761904763,0.0
