QMean,QDev,PMean,PDev,BarMean,BarDev,etaMean,etaDev,Energy,Resa,Availability
1.1152120227272726,0.2986453819427048,-0.4406545454545455,0.010702282138647183,0.11404508858764358,0.01423138266589536,-0.03609543958257961,0.011552979207677783,-4.8692327272727285,-1.0225388727272728,0.0
