QMean,QDev,PMean,PDev,BarMean,BarDev,etaMean,etaDev,Energy,Resa,Availability
5.108894868421052,0.37507765329975484,-0.17040000000000002,0.1166561478967365,0.12573203644272588,0.031510406271363006,-0.0028957097116445924,0.002579597611629919,-1.7834253333333336,-0.37451932000000004,0.0
