QMean,QDev,PMean,PDev,BarMean,BarDev,etaMean,etaDev,Energy,Resa,Availability
1.1294766304347825,0.2996461537959585,-0.4413217391304348,0.011051458944479333,0.11328434102128337,0.014368701899831119,-0.03593803588367897,0.011304163778277357,-5.039894260869565,-1.0583777947826087,0.0
