QMean,QDev,PMean,PDev,BarMean,BarDev,etaMean,etaDev,Energy,Resa,Availability
4.275273739130434,0.5514903728060124,-0.4162434782608696,0.010607783282221167,0.09047475230259037,0.001745644201307033,-0.01093513418513093,0.0014010790978086615,-4.705285652173914,-0.9881099869565219,0.0
