QMean,QDev,PMean,PDev,BarMean,BarDev,etaMean,etaDev,Energy,Resa,Availability
0.0,0.0,-0.5821565217391305,0.11469501268899092,0.1405798366335494,0.0002247925668807255,,,-6.661326000000001,-1.3988784600000002,0.0
