QMean,QDev,PMean,PDev,BarMean,BarDev,etaMean,etaDev,Energy,Resa,Availability
4.165442304347826,0.5565440909432248,0.0,0.0,0.06615998238255105,0.0005618169203518068,0.0,0.0,0.0,0.0,0.0
