QMean,QDev,PMean,PDev,BarMean,BarDev,etaMean,etaDev,Energy,Resa,Availability
3.208576891891892,1.0182034925268788,-0.46767567567567564,0.010381621115023162,0.1563551520021797,0.0003338279350620503,-0.010294766148891082,0.0031675256855419297,-4.272607027027027,-0.8972474756756755,0.0
