QMean,QDev,PMean,PDev,BarMean,BarDev,etaMean,etaDev,Energy,Resa,Availability
2.25709840625,1.2927479995976399,-0.44283333333333336,0.01202769951219083,0.11546899822503776,0.013740414876471709,-0.02365105252739744,0.01443769353073307,-10.628,-2.23188,0.0
