QMean,QDev,PMean,PDev,BarMean,BarDev,etaMean,etaDev,Energy,Resa,Availability
5.343383252747253,0.46080396819015484,-0.24096703296703298,0.1623545225766342,0.1359788457174065,0.02074103796247739,-0.00333479335159633,0.002347275366358064,-5.783208791208791,-1.214473846153846,0.0
