QMean,QDev,PMean,PDev,BarMean,BarDev,etaMean,etaDev,Energy,Resa,Availability
4.925991739583334,0.3148137213055605,0.0,0.0,0.14655439233693557,0.00019359713415961917,0.0,0.0,0.0,0.0,0.0
