QMean,QDev,PMean,PDev,BarMean,BarDev,etaMean,etaDev,Energy,Resa,Availability
4.604593239583333,0.540658892771256,-0.4140333333333334,0.011095895136891345,0.08767761063277568,0.0023289997858278416,-0.010401914262888268,0.0012773925046715036,-9.936800000000002,-2.0867280000000004,0.0
