QMean,QDev,PMean,PDev,BarMean,BarDev,etaMean,etaDev,Energy,Resa,Availability
4.702331520833334,0.6648881073611493,0.0,0.0,0.12664122104654127,0.009310595492904816,0.0,0.0,0.0,0.0,0.0
