QMean,QDev,PMean,PDev,BarMean,BarDev,etaMean,etaDev,Energy,Resa,Availability
0.7672969542253522,0.4455375643929777,-0.49430985915492964,0.01141330030814158,0.08917605999817131,0.002627880237835657,-0.057502750724672744,0.014535530034696095,-11.86343661971831,-2.491321690140845,0.0
