QMean,QDev,PMean,PDev,BarMean,BarDev,etaMean,etaDev,Energy,Resa,Availability
0.0,0.0,-0.4753,0.014451412849037747,0.13953003339086434,0.0002377995476774057,,,-11.4072,-2.3955119999999996,0.0
