QMean,QDev,PMean,PDev,BarMean,BarDev,etaMean,etaDev,Energy,Resa,Availability
2.25897778125,1.291694260641355,-0.44284999999999997,0.012035953085097442,0.11552772949477315,0.013670678470508128,-0.0235966382786838,0.014414943540442439,-10.6284,-2.2319639999999996,0.0
