QMean,QDev,PMean,PDev,BarMean,BarDev,etaMean,etaDev,Energy,Resa,Availability
0.0,0.0,-0.4458666666666667,0.08826646525656778,0.15405175686122605,7.64465578130161e-05,,,-10.700800000000001,-2.2471680000000003,0.0
