QMean,QDev,PMean,PDev,BarMean,BarDev,etaMean,etaDev,Energy,Resa,Availability
0.0,0.0,-0.5204333333333333,0.09934813648087328,0.14050935369146383,0.00018399211112877877,,,-12.4904,-2.6229839999999998,0.0
