QMean,QDev,PMean,PDev,BarMean,BarDev,etaMean,etaDev,Energy,Resa,Availability
0.0,0.0,-0.4456,0.08835836123423747,0.1540465666084819,7.087851984611885e-05,,,-10.6944,-2.245824,0.0
