QMean,QDev,PMean,PDev,BarMean,BarDev,etaMean,etaDev,Energy,Resa,Availability
4.2249355416666665,1.0632095894484415,-0.6455333333333334,0.22725714265758268,0.15622377599518836,0.00029397596116848446,-0.010168705749208142,0.003261186660176636,-15.492800000000003,-3.2534880000000004,0.0
