QMean,QDev,PMean,PDev,BarMean,BarDev,etaMean,etaDev,Energy,Resa,Availability
5.41278097894737,0.3269797207465216,-0.05320421052631579,0.1067274974836081,0.06794030366873703,0.0007188305693057743,-0.0015489934766729128,0.0031302310255015993,-1.276901052631579,-0.26814922105263156,0.0
