QMean,QDev,PMean,PDev,BarMean,BarDev,etaMean,etaDev,Energy,Resa,Availability
0.0,0.0,-0.46046666666666664,0.017409448264918928,0.1405354520515033,0.00018495499376399796,,,-11.0512,-2.3207519999999997,0.0
