QMean,QDev,PMean,PDev,BarMean,BarDev,etaMean,etaDev,Energy,Resa,Availability
4.645468621052631,0.6358921027810363,0.0,0.0,0.06569849693368691,0.0007572376846124481,0.0,0.0,0.0,0.0,0.0
