QMean,QDev,PMean,PDev,BarMean,BarDev,etaMean,etaDev,Energy,Resa,Availability
5.342176489130435,0.4584373149396027,-0.24123478260869566,0.16148995017511597,0.1352295843100671,0.021831202489013147,-0.0033808088832300177,0.0023753946276222067,-5.789634782608696,-1.215823304347826,0.0
