QMean,QDev,PMean,PDev,BarMean,BarDev,etaMean,etaDev,Energy,Resa,Availability
1.90625e-06,1.857982671979208e-05,-0.44826666666666665,0.010749676997731399,0.15948620175240746,0.0006268319840625465,,,-10.7584,-2.259264,0.0
