QMean,QDev,PMean,PDev,BarMean,BarDev,etaMean,etaDev,Energy,Resa,Availability
0.0,0.0,-0.47615,0.014915903146194889,0.13954975962009925,0.0002151848571750262,,,-11.4276,-2.399796,0.0
