QMean,QDev,PMean,PDev,BarMean,BarDev,etaMean,etaDev,Energy,Resa,Availability
4.396666210526316,0.701528855241328,0.0,0.0,0.14817922112241205,0.00025493048888123123,0.0,0.0,0.0,0.0,0.0
