QMean,QDev,PMean,PDev,BarMean,BarDev,etaMean,etaDev,Energy,Resa,Availability
1.90625e-06,1.857982671979208e-05,-0.44765000000000005,0.010392826051336247,0.15944052119494512,0.000622570145441957,,,-10.7436,-2.2561560000000003,0.0
