QMean,QDev,PMean,PDev,BarMean,BarDev,etaMean,etaDev,Energy,Resa,Availability
0.5346587292817679,0.3315447236629788,-0.561710497237569,0.13413378721721614,0.08691542974826105,0.005384967432163795,-0.07426957769980186,0.023366302413333734,-13.481051933701657,-2.831020906077348,0.0
