QMean,QDev,PMean,PDev,BarMean,BarDev,etaMean,etaDev,Energy,Resa,Availability
2.267563884210527,1.2957467793124335,-0.44262736842105244,0.011900875174410387,0.11572601891297365,0.01360441441571865,-0.023491852506516704,0.014457802230084981,-10.623056842105258,-2.230841936842104,0.0
