QMean,QDev,PMean,PDev,BarMean,BarDev,etaMean,etaDev,Energy,Resa,Availability
2.2627371666666667,1.288786349512689,-0.4429166666666666,0.012134787000831763,0.1154172376864037,0.013803377477258554,-0.023523223707529056,0.014331526931001357,-10.629999999999999,-2.2322999999999995,0.0
