QMean,QDev,PMean,PDev,BarMean,BarDev,etaMean,etaDev,Energy,Resa,Availability
0.898755875,0.2982184372571713,0.898755875,0.2982184372571713,0.0881357870633691,0.029244556186593763,0.10372631083786418,0.020258335449119796,21.570141,4.5297296099999995,1.0
