QMean,QDev,PMean,PDev,BarMean,BarDev,etaMean,etaDev,Energy,Resa,Availability
0.0,0.0,-0.5214166666666666,0.09879618610497518,0.14052730046384374,0.00019061805065215455,,,-12.514,-2.6279399999999997,0.0
