QMean,QDev,PMean,PDev,BarMean,BarDev,etaMean,etaDev,Energy,Resa,Availability
0.0,0.0,-0.470501052631579,0.012349570584793983,0.14233085316897082,0.0001361641402429956,,,-11.292025263157896,-2.371325305263158,0.0
