QMean,QDev,PMean,PDev,BarMean,BarDev,etaMean,etaDev,Energy,Resa,Availability
4.6008357604166665,0.5330912609866615,-0.41405000000000003,0.011056709878319745,0.08814909417269762,0.002578899468403943,-0.01034727185212666,0.0012148282800367657,-9.9372,-2.086812,0.0
