QMean,QDev,PMean,PDev,BarMean,BarDev,etaMean,etaDev,Energy,Resa,Availability
0.0,0.0,-0.4752,0.014440683270999793,0.1395343349366832,0.00023451743642588906,,,-11.4048,-2.395008,0.0
