QMean,QDev,PMean,PDev,BarMean,BarDev,etaMean,etaDev,Energy,Resa,Availability
0.0,0.0,-0.48141064060803473,0.05567411552744548,0.141946144135397,0.00023394052028366137,,,-110.85977721993002,-23.280553216185304,0.0
