QMean,QDev,PMean,PDev,BarMean,BarDev,etaMean,etaDev,Energy,Resa,Availability
4.77455565063521,0.5976856447562952,-0.39002686025408345,0.07517894541612467,0.1450921791138747,0.023026241614675813,-0.006098271321922505,0.002561860650795704,-107.3760197398669,-22.54896414537205,0.0
