QMean,QDev,PMean,PDev,BarMean,BarDev,etaMean,etaDev,Energy,Resa,Availability
0.0,0.0,-0.42674965312190294,0.07596767453470388,0.1537813080203133,0.00023176198444763548,,,-107.57528964210991,-22.59081082484308,0.0
