QMean,QDev,PMean,PDev,BarMean,BarDev,etaMean,etaDev,Energy,Resa,Availability
0.0,0.0,-0.48475370121130545,0.058066004204776395,0.1396752236029024,0.0005329635868398182,,,-180.0581266621803,-37.812206599057866,0.0
