QMean,QDev,PMean,PDev,BarMean,BarDev,etaMean,etaDev,Energy,Resa,Availability
15.224041438580104,211.24498815177884,0.03789033115366649,2.7336662673441254,0.11240081656846763,0.025579657519516425,-0.001555438887987714,0.004515428497532674,20.395975831615146,4.283154924639181,0.0018682858477347033
