QMean,QDev,PMean,PDev,BarMean,BarDev,etaMean,etaDev,Energy,Resa,Availability
81.52196239798852,542.8803489876668,-0.0021632183908045976,0.03288269682616529,0.14628763397318542,0.0010148104077588745,-4.1007215637162087e-05,0.0006246336657630436,-0.961104711366539,-0.20183198938697317,0.0
