QMean,QDev,PMean,PDev,BarMean,BarDev,etaMean,etaDev,Energy,Resa,Availability
0.0,0.0,-0.4848205683355886,0.058213463831490175,0.13967014914491854,0.0005297102856341227,,,-179.0595885376635,-37.60251359290933,0.0
