QMean,QDev,PMean,PDev,BarMean,BarDev,etaMean,etaDev,Energy,Resa,Availability
5.00366372868217,0.4256105914496355,0.0,0.0,0.08771406353314258,0.02408210324415388,0.0,0.0,0.0,0.0,0.0
