QMean,QDev,PMean,PDev,BarMean,BarDev,etaMean,etaDev,Energy,Resa,Availability
0.001525141997593261,0.016527946485330677,-0.44913790613718413,0.029014666525639717,0.1057416382793783,0.03952968069975723,,,-93.30440766305657,-19.59392560924188,0.0
