QMean,QDev,PMean,PDev,BarMean,BarDev,etaMean,etaDev,Energy,Resa,Availability
0.0,0.0,-0.4744587959343236,0.05325666045808324,0.1462138646603153,0.007881654135665358,,,-303.3457583570497,-63.70260925498044,0.0
