QMean,QDev,PMean,PDev,BarMean,BarDev,etaMean,etaDev,Energy,Resa,Availability
0.0,0.0,-0.4744587959343236,0.05325666045808324,0.1462138646603153,0.007881654135665358,,,-303.40295700078184,-63.714620970164184,0.0
