QMean,QDev,PMean,PDev,BarMean,BarDev,etaMean,etaDev,Energy,Resa,Availability
0.776736970744681,0.33105133311753243,0.776736970744681,0.33105133311753243,0.07617009931400953,0.03246428826147179,0.11275858234069966,0.024871016258861563,104.4135145731627,21.926838060364165,0.9840425531914894
