QMean,QDev,PMean,PDev,BarMean,BarDev,etaMean,etaDev,Energy,Resa,Availability
3.539312448225394,37.16572736356564,-0.34635755506769117,2.810534573821864,0.13613917018989172,0.022525211654858664,-0.027107025671261255,0.014119793312716358,-236.6437965575379,-49.69519727708296,0.0014635931211123307
