QMean,QDev,PMean,PDev,BarMean,BarDev,etaMean,etaDev,Energy,Resa,Availability
0.0,0.0,-0.48318755980861244,0.05672861474079111,0.13976747643854803,0.0005685868582189833,,,-201.9626020300372,-42.412146426307814,0.0
