QMean,QDev,PMean,PDev,BarMean,BarDev,etaMean,etaDev,Energy,Resa,Availability
106.39200722623576,622.4452386089083,-0.002862357414448669,0.03779855839176712,0.14584400027114944,0.000641608416914405,-5.4260498257537665e-05,0.0007180165439508675,-1.1495577220109843,-0.24140712162230668,0.0
