QMean,QDev,PMean,PDev,BarMean,BarDev,etaMean,etaDev,Energy,Resa,Availability
0.0,0.0,-0.4744490433424443,0.05322641433717452,0.14620542632135514,0.007880889430111178,,,-303.6754593075621,-63.771846454588044,0.0
