QMean,QDev,PMean,PDev,BarMean,BarDev,etaMean,etaDev,Energy,Resa,Availability
0.0,0.0,-0.47445741029641186,0.05319641008293259,0.14619737424580437,0.007879791224179143,,,-304.0750096848674,-63.85575203382215,0.0
