QMean,QDev,PMean,PDev,BarMean,BarDev,etaMean,etaDev,Energy,Resa,Availability
15.219376788515406,211.19578246485028,0.037748645658263295,2.733035945224839,0.11237964288951047,0.025592445583772674,-0.0015582459763975685,0.0045162425015540415,20.326366427316366,4.268536949736436,0.0018674136321195146
