QMean,QDev,PMean,PDev,BarMean,BarDev,etaMean,etaDev,Energy,Resa,Availability
3.5385458006583765,37.15895140519385,-0.34639473226042433,2.810021202129759,0.13612463704584166,0.022533903785043167,-0.027109640792333915,0.014116627640962597,-236.73308792141918,-49.71394846349803,0.001463057790782736
