QMean,QDev,PMean,PDev,BarMean,BarDev,etaMean,etaDev,Energy,Resa,Availability
50.21917381244672,419.88285631267837,-0.001283546462063086,0.02535157012489982,0.13673559945432492,0.028155588009572127,-2.4331647129978525e-05,0.00048157202117936907,-0.7233098069527327,-0.15189505946007387,0.0
