QMean,QDev,PMean,PDev,BarMean,BarDev,etaMean,etaDev,Energy,Resa,Availability
108.56040667184467,628.8788524369018,-0.0029234951456310674,0.03819775995335145,0.14582976852466295,0.0006402947543937502,-5.541946035624235e-05,0.0007255999090445166,-1.166385234088457,-0.24494089915857598,0.0
