QMean,QDev,PMean,PDev,BarMean,BarDev,etaMean,etaDev,Energy,Resa,Availability
3.537845680804388,37.15217559271952,-0.3464371473491773,2.8095083154803904,0.1361100416355189,0.022542705562636753,-0.027110917381209704,0.014113106609382258,-236.82799453191203,-49.733878851701526,0.0014625228519195613
