QMean,QDev,PMean,PDev,BarMean,BarDev,etaMean,etaDev,Energy,Resa,Availability
14.820542978952084,206.85671929116148,0.034459112852664585,2.6768869476565125,0.1105691838802882,0.02656043322377485,-0.0015450470895895907,0.004459349060181374,19.341507593193143,4.06171659457056,0.0017913121361397223
