QMean,QDev,PMean,PDev,BarMean,BarDev,etaMean,etaDev,Energy,Resa,Availability
0.0015214801920768308,0.016508261834591413,-0.4491755102040816,0.029001634685230458,0.10587336211280558,0.03957339355016593,,,-93.46681081179138,-19.628030270476188,0.0
