QMean,QDev,PMean,PDev,BarMean,BarDev,etaMean,etaDev,Energy,Resa,Availability
0.7467973317112734,0.37454279479721725,-0.5181138686131387,0.06617719395589149,0.047152689287352494,0.03574275212545122,-4.157718400469493,34.92976934246445,-96.3201026650446,-20.227221559659366,0.0
