QMean,QDev,PMean,PDev,BarMean,BarDev,etaMean,etaDev,Energy,Resa,Availability
0.0,0.0,-0.42669813176007865,0.07567369690711116,0.1537838402288867,0.00023271183472224738,,,-108.40929790014202,-22.765952559029824,0.0
