QMean,QDev,PMean,PDev,BarMean,BarDev,etaMean,etaDev,Energy,Resa,Availability
0.8081845866203093,0.44099875973291763,-0.5165148223634257,0.07599624037955914,0.05046528499211521,0.034704125875824894,-4.9206109582604975,29.33385487947622,-229.41823650406963,-48.17782966585462,0.0
