QMean,QDev,PMean,PDev,BarMean,BarDev,etaMean,etaDev,Energy,Resa,Availability
4.777152871350365,0.5981649220201508,-0.38992262773722625,0.07536836931913098,0.1453775358546382,0.0227629671930015,-0.006075584997167636,0.002550211860676814,-106.7712134111922,-22.42195481635036,0.0
