QMean,QDev,PMean,PDev,BarMean,BarDev,etaMean,etaDev,Energy,Resa,Availability
106.20005343833019,621.8699860781916,-0.0028569259962049334,0.037762884809139974,0.14584480290749413,0.0006412636602499477,-5.415753716027478e-05,0.0007173388770429566,-1.148048569259962,-0.24109019954459202,0.0
