QMean,QDev,PMean,PDev,BarMean,BarDev,etaMean,etaDev,Energy,Resa,Availability
3.0792987977728283,1.2453218681766665,-0.47405897550111364,0.11018843813341873,0.1272374245096669,0.027810115140003658,-0.015132090881350868,0.008345963052482926,-266.01147826696365,-55.86241043606236,0.0
