QMean,QDev,PMean,PDev,BarMean,BarDev,etaMean,etaDev,Energy,Resa,Availability
0.7922703710910355,0.3765910199572408,-0.5120744961779012,0.04218745695910895,0.03767883494754479,0.03454372432682079,-5.532725671515757,40.29783827852362,-82.22323287962318,-17.26687890472087,0.0
