QMean,QDev,PMean,PDev,BarMean,BarDev,etaMean,etaDev,Energy,Resa,Availability
3.540079657027819,37.17250703004039,-0.34631449414348464,2.811047998472869,0.1361536097709401,0.022516683699120632,-0.027103865927113422,0.014122745893886469,-236.5500190262366,-49.675503995509686,0.0014641288433382138
