QMean,QDev,PMean,PDev,BarMean,BarDev,etaMean,etaDev,Energy,Resa,Availability
106.39200722623576,622.4452386089083,-0.002862357414448669,0.03779855839176712,0.14584400027114944,0.000641608416914405,-5.4260498257537665e-05,0.0007180165439508675,-1.1499290333755807,-0.24148509700887194,0.0
