QMean,QDev,PMean,PDev,BarMean,BarDev,etaMean,etaDev,Energy,Resa,Availability
1.9840634670406732,1.151629161260558,-0.486076858345021,0.01353180390480969,0.06822347326605899,0.005115471517483263,-0.047250996341587005,0.023641429082136275,-86.04856597662459,-18.070198855091164,0.0
