QMean,QDev,PMean,PDev,BarMean,BarDev,etaMean,etaDev,Energy,Resa,Availability
0.7903917978803937,0.3642442711096984,0.7903917978803937,0.3642442711096984,0.07750914918316372,0.035719327584452745,0.11059254083018484,0.026105541351749376,125.37721625844058,26.32921541427252,0.9818319454958365
