QMean,QDev,PMean,PDev,BarMean,BarDev,etaMean,etaDev,Energy,Resa,Availability
0.8515433693336854,18.29130000512176,-0.4157343894023413,1.3816485846652358,0.14476942308724552,0.017310677851539294,-0.027109640792333915,0.014116627640962597,-1182.1074775144054,-248.24257027802514,0.0003520816829504445
