QMean,QDev,PMean,PDev,BarMean,BarDev,etaMean,etaDev,Energy,Resa,Availability
1.02439950576115,5.458162827765431,-0.5204333982577427,0.09635308581763159,0.04631111623851802,0.04266099329638078,-2.85942574977535,17.865091165659475,-1228.7569869456513,-258.03896725858675,0.0
