QMean,QDev,PMean,PDev,BarMean,BarDev,etaMean,etaDev,Energy,Resa,Availability
2.013521758524388,3.956876059582665,-0.4909233746833799,0.09645302798572584,0.07532081066057258,0.051687058235094334,-1.273262250740132,12.830055563729246,-1925.3163821232708,-404.31644024588684,0.0
