QMean,QDev,PMean,PDev,BarMean,BarDev,etaMean,etaDev,Energy,Resa,Availability
1.3438969348148149,3.0892925394136435,-0.4425852033257748,0.10467702709942438,0.10789736391685574,0.05147232265525432,-1.0435098448323548,11.618231864968836,-3722.779989125563,-781.7837977163682,0.0
