QMean,QDev,PMean,PDev,BarMean,BarDev,etaMean,etaDev,Energy,Resa,Availability
0.0,0.0,-0.46240522088353414,0.11564833818673236,0.14907150873878158,0.00509631313432511,,,-461.51072367291385,-96.91725197131191,0.0
