QMean,QDev,PMean,PDev,BarMean,BarDev,etaMean,etaDev,Energy,Resa,Availability
5.539203909980099,114.39872499639455,-0.20224909171359617,1.2808570515001763,0.13059339955027685,0.028868860529481698,-0.004473416166831862,0.011162213728305136,-1260.7338144528185,-264.7541010350919,0.00033873904390904855
