QMean,QDev,PMean,PDev,BarMean,BarDev,etaMean,etaDev,Energy,Resa,Availability
5.539190918070963,114.39630313355802,-0.20224052836819378,1.2808306111605123,0.13059406317929179,0.02886842950635339,-0.004473088107564714,0.01116187016332484,-1260.736612166744,-264.75468855501623,0.0003387247014988568
