QMean,QDev,PMean,PDev,BarMean,BarDev,etaMean,etaDev,Energy,Resa,Availability
0.8516113304875901,18.290496488739922,-0.4157384965675057,1.3815878513915807,0.1447651489072355,0.01731591012832572,-0.027110917381209704,0.014113106609382258,-1182.1982617072406,-248.26163495852052,0.0003520506953001232
