QMean,QDev,PMean,PDev,BarMean,BarDev,etaMean,etaDev,Energy,Resa,Availability
1.05268460942462,5.964887357061213,-0.5218878197029195,0.09975534949713975,0.04447620142967207,0.04429469167516868,-2.6676654989144835,16.66132245937908,-848.5401604629143,-178.193433697212,0.0
