QMean,QDev,PMean,PDev,BarMean,BarDev,etaMean,etaDev,Energy,Resa,Availability
5.539515054520037,114.42537479459017,-0.20234333639752605,1.2811480032544116,0.13058598253945886,0.028873540408608813,-0.004477027997266034,0.011165994935732256,-1260.7951463799284,-264.76698073978497,0.0003388968906210286
