QMean,QDev,PMean,PDev,BarMean,BarDev,etaMean,etaDev,Energy,Resa,Availability
0.8514391780086277,18.292908540113963,-0.41572729976230305,1.3817701066200423,0.14477791354037098,0.01730037083439824,-0.027103865927113422,0.014122745893886469,-1181.93338410941,-248.2060106629761,0.00035214367461924466
