QMean,QDev,PMean,PDev,BarMean,BarDev,etaMean,etaDev,Energy,Resa,Availability
1.0177559444421178,5.494351488605837,-0.5209053376230273,0.09685454433387672,0.046183850896012374,0.04283099710281895,-2.870634277532228,17.80288177734898,-983.8994584235958,-206.6188862689551,0.0
