QMean,QDev,PMean,PDev,BarMean,BarDev,etaMean,etaDev,Energy,Resa,Availability
5.532285230167738,113.98924260891444,-0.20080366582587128,1.2763855587666444,0.13071537252623708,0.02880147482638425,-0.004418328825407638,0.011104237888467853,-1260.3028206894026,-264.66359234477454,0.0003363181569764998
