QMean,QDev,PMean,PDev,BarMean,BarDev,etaMean,etaDev,Energy,Resa,Availability
1.3442220678924608,3.089595489103734,-0.44257799014122845,0.10468860313044452,0.10788944898878883,0.051476032918875564,-1.0435098448323548,11.618231864968836,-3721.78498452599,-781.5748467504578,0.0
