QMean,QDev,PMean,PDev,BarMean,BarDev,etaMean,etaDev,Energy,Resa,Availability
1.3363816818195484,3.082272185186149,-0.4427422867622742,0.10445355601726232,0.10807970746163202,0.05138576449997151,-1.0435098448323548,11.618231864968836,-3744.7052836056114,-786.3881095571784,0.0
