QMean,QDev,PMean,PDev,BarMean,BarDev,etaMean,etaDev,Energy,Resa,Availability
5.512869841040224,112.86336370425796,-0.19685611601549624,1.2640846241048656,0.13055972762925272,0.029090952009496948,-0.004270762458671925,0.010946055243050005,-1258.9981020154976,-264.3896014232545,0.0003297065611605671
