QMean,QDev,PMean,PDev,BarMean,BarDev,etaMean,etaDev,Energy,Resa,Availability
1.4216071615121373,3.1599235301607904,-0.44007911216298334,0.10607499393533255,0.1060639670822297,0.05235545281147753,-1.0435098448323548,11.618231864968836,-3502.744170371233,-735.5762757779589,0.0
