QMean,QDev,PMean,PDev,BarMean,BarDev,etaMean,etaDev,Energy,Resa,Availability
2.014412471336753,3.9563639105538715,-0.49089148867103816,0.09644792498002397,0.07532768446586004,0.05167816483808437,-1.272613827734692,12.826793631618875,-1925.9166228842869,-404.44249080570023,0.0
