QMean,QDev,PMean,PDev,BarMean,BarDev,etaMean,etaDev,Energy,Resa,Availability
1.0982570285938111,6.3857314988476315,0.4038063910105758,4.583524888448103,0.07610226739708487,0.4452051191142949,-1.2230355556697938,10.541371371316668,635.7632136721517,133.51027487115184,0.5438699569134352
