QMean,QDev,PMean,PDev,BarMean,BarDev,etaMean,etaDev,Energy,Resa,Availability
2.9033152505643343,71.55359616935054,-0.24475862912989946,1.406181228183317,0.13451720259399383,0.027506980779835398,-0.006379386970098251,0.012880281416124005,-1194.9825394261086,-250.9463332794828,0.0004104247896572953
