QMean,QDev,PMean,PDev,BarMean,BarDev,etaMean,etaDev,Energy,Resa,Availability
1.4213344136795318,3.1596817323765505,-0.4400855946023727,0.10606593603245562,0.10607031818262502,0.052352437786120594,-1.0435098448323548,11.618231864968836,-3503.4730092140826,-735.7293319349574,0.0
