QMean,QDev,PMean,PDev,BarMean,BarDev,etaMean,etaDev,Energy,Resa,Availability
1.0439770699824646,5.7644846417417686,-0.5196545618789521,0.09704930959188302,0.0446413262321858,0.04398690263732177,-2.7327588994114866,17.82984920865977,-831.7429247126367,-174.6660141896537,0.0
