QMean,QDev,PMean,PDev,BarMean,BarDev,etaMean,etaDev,Energy,Resa,Availability
2.9151869187091504,71.38554117703684,-0.2438220587724673,1.402957099084866,0.13420446039081504,0.027817341997310684,-0.006330891839321806,0.0128311351189081,-1196.0175680342477,-251.163689287192,0.0004084967320261438
