QMean,QDev,PMean,PDev,BarMean,BarDev,etaMean,etaDev,Energy,Resa,Availability
1.421470774512312,3.1598026249255695,-0.4400816117684682,0.10607022040797222,0.10606712791071252,0.05235393576720236,-1.0435098448323548,11.618231864968836,-3503.0756678390367,-735.6458902461977,0.0
