QMean,QDev,PMean,PDev,BarMean,BarDev,etaMean,etaDev,Energy,Resa,Availability
1.673357302300192,3.3663180916557494,-0.4360841772390167,0.11300088295666184,0.10087863318557734,0.054168807217235604,-1.0435098448323548,11.618231864968836,-2958.282161041382,-621.2392538186903,0.0
