QMean,QDev,PMean,PDev,BarMean,BarDev,etaMean,etaDev,Energy,Resa,Availability
2.05170661,3.945297418906073,-0.49002769230769233,0.09619999452160384,0.07555697109569912,0.05139094973631631,-1.2516692917909635,12.721057970771115,-1981.3794683837607,-416.0896883605897,0.0
