QMean,QDev,PMean,PDev,BarMean,BarDev,etaMean,etaDev,Energy,Resa,Availability
1.6799969058216655,4.08920562101412,-0.5012939130434783,0.09519439119377997,0.0670725076452869,0.04837533390630703,-1.50787716629657,13.95629938612902,-1737.0515011188406,-364.7808152349565,0.0
