QMean,QDev,PMean,PDev,BarMean,BarDev,etaMean,etaDev,Energy,Resa,Availability
3.04389153519435,69.24779803074678,-0.2294244558208812,1.3621178599647745,0.1320861297398379,0.02910329214412768,-0.005614891178179129,0.01224901370313864,-1196.8893507061491,-251.3467636482913,0.00038437515014654304
