QMean,QDev,PMean,PDev,BarMean,BarDev,etaMean,etaDev,Energy,Resa,Availability
1.0177559444421178,5.494351488605837,-0.5209053376230273,0.09685454433387672,0.046183850896012374,0.04283099710281895,-2.870634277532228,17.80288177734898,-981.4720395502725,-206.10912830555722,0.0
