QMean,QDev,PMean,PDev,BarMean,BarDev,etaMean,etaDev,Energy,Resa,Availability
1.0680813723030385,6.088544258926377,0.7525989259753547,5.309432893467002,0.09038613493208282,0.518218985501193,-0.48230279889979144,7.045677751713253,1203.1247123688947,252.6561895974679,0.749544018862049
