QMean,QDev,PMean,PDev,BarMean,BarDev,etaMean,etaDev,Energy,Resa,Availability
0.8514912782570422,18.29210421957487,-0.4157315491197183,1.3817093621585763,0.1447736804700563,0.017305491167087426,-0.027107025671261255,0.014119793312716358,-1182.022722023374,-248.22477162490853,0.00035211267605633805
