QMean,QDev,PMean,PDev,BarMean,BarDev,etaMean,etaDev,Energy,Resa,Availability
2.9034347316985585,71.55176272385324,-0.24475969830195454,1.4061451667670206,0.1345137413306505,0.02751051974807388,-0.0063795115990207575,0.012879612011750552,-1195.0309323250729,-250.9564957882653,0.00041040373467398554
