QMean,QDev,PMean,PDev,BarMean,BarDev,etaMean,etaDev,Energy,Resa,Availability
1.6732313201957463,3.36622268001201,-0.4360863391680783,0.1129969978351737,0.10088312977746261,0.054169246913665196,-1.0435098448323548,11.618231864968836,-2958.446913390167,-621.2738518119351,0.0
