EI,PMean,PDev,TModMean,TModDev,Energy,Energy 1,Energy 2,etaMean,etaDev,etaMean 1,etaMean 2,Resa,Availability Inv 1,Availability Inv 2
5229.881850533807,173.39721254355402,235.7400292397503,12.956939501779358,11.979533104806354,4161.5331010452965,2116.5993031358885,2031.8615916955018,0.8587177347824704,0.48874959448876515,0.0004367528300025943,0.00041926750095391704,936.3449477351917,0.991869918699187,0.991869918699187
