EI,PMean,PDev,TModMean,TModDev,Energy,Energy 1,Energy 2,etaMean,etaDev,etaMean 1,etaMean 2,Resa,Availability Inv 1,Availability Inv 2
5074.677372262773,156.02797202797203,238.73338389968634,18.813868613138688,9.432612958433808,3744.6713286713284,1921.5944055944055,1823.0769230769233,0.7963321055129605,0.2880006136246122,0.0004086412890852744,0.00038769081642768625,842.5510489510489,1.0,1.0
