EI,PMean,PDev,TModMean,TModDev,Energy,Energy 1,Energy 2,etaMean,etaDev,etaMean 1,etaMean 2,Resa,Availability Inv 1,Availability Inv 2
5794.843795620438,172.86813186813185,246.33979371207394,15.432481751824817,11.902499417393553,4148.8351648351645,2138.7252747252746,2005.8394160583941,0.7726332668462095,0.4652086511562752,0.00039829258821932466,0.00037354539267641984,933.487912087912,0.9553571428571429,0.9642857142857143
