EI,PMean,PDev,TModMean,TModDev,Energy,Energy 1,Energy 2,etaMean,etaDev,etaMean 1,etaMean 2,Resa,Availability Inv 1,Availability Inv 2
5702.026666666666,175.65201465201466,246.2040008645853,15.01148148148148,11.549804296467283,4215.648351648351,2175.5604395604396,2035.7080291970801,0.7978552179480469,0.4240677899768854,0.0004117474001326365,0.000385278879505818,948.520879120879,0.9629629629629629,0.9722222222222222
