EI,PMean,PDev,TModMean,TModDev,Energy,Energy 1,Energy 2,etaMean,etaDev,etaMean 1,etaMean 2,Resa,Availability Inv 1,Availability Inv 2
4871.665116279071,142.46560846560845,199.4360969176099,19.65486333415415,0.0,3419.174603174603,1696.7619047619046,1722.4126984126985,0.7574130940963545,0.28605648302529463,0.00037586547438592764,0.00038154761971042684,769.3142857142857,0.0016567885630348266,0.0018617520966061455
