EI,PMean,PDev,TModMean,TModDev,Energy,Energy 1,Energy 2,etaMean,etaDev,etaMean 1,etaMean 2,Resa,Availability Inv 1,Availability Inv 2
2078.071111111111,62.65942028985507,127.69883594267104,13.367407407407407,5.946462747246431,1503.8260869565217,762.3478260869565,739.0285714285715,0.7809552809384501,0.42131651330266784,0.0003958965507105003,0.00038378657653797426,338.3608695652174,0.9565217391304348,0.9855072463768116
