EI,PMean,PDev,TModMean,TModDev,Energy,Energy 1,Energy 2,etaMean,etaDev,etaMean 1,etaMean 2,Resa,Availability Inv 1,Availability Inv 2
2965.6739495798315,101.41984732824427,173.48198552224392,9.553781512605044,10.745362806095297,2434.0763358778627,1239.7557251908397,1194.320610687023,0.885726724257855,0.7561035967722086,0.00045112996711221625,0.0004345967571456388,547.6671755725191,0.9459459459459459,0.972972972972973
