EI,PMean,PDev,TModMean,TModDev,Energy,Energy 1,Energy 2,etaMean,etaDev,etaMean 1,etaMean 2,Resa,Availability Inv 1,Availability Inv 2
2117.28,63.580882352941174,128.4064408286449,19.58592329397011,0.0,1525.9411764705883,773.5588235294118,749.7391304347826,0.7777651041372309,0.42131651330266784,0.0003942793262386436,0.0003821385397090403,343.3367647058824,0.0017586877483723683,0.0018432400439671937
