EI,PMean,PDev,TModMean,TModDev,Energy,Energy 1,Energy 2,etaMean,etaDev,etaMean 1,etaMean 2,Resa,Availability Inv 1,Availability Inv 2
1023.2871595330739,25.902834008097166,62.537362695104825,9.15136186770428,5.01979041501595,621.668016194332,308.2105263157895,317.06772908366537,0.6556166228059706,0.4051975340150585,0.0003250415641670114,0.00033438244903628736,139.87530364372472,0.9558823529411765,0.9852941176470589
