EI,PMean,PDev,TModMean,TModDev,Energy,Energy 1,Energy 2,etaMean,etaDev,etaMean 1,etaMean 2,Resa,Availability Inv 1,Availability Inv 2
3114.4827586206893,96.3882783882784,178.3682945685484,19.622142544051897,0.0,2313.3186813186812,1167.7362637362637,1145.5824175824175,0.8015645293926505,0.33833029898313555,0.0004046204166573906,0.00039694411273525986,520.4967032967033,0.0017197929437406348,0.0019070971257321892
