EI,PMean,PDev,TModMean,TModDev,Energy,Energy 1,Energy 2,etaMean,etaDev,etaMean 1,etaMean 2,Resa,Availability Inv 1,Availability Inv 2
4744.371428571428,142.8835616438356,218.1246190960751,19.65530443048001,0.0,3429.2054794520545,1707.6164383561643,1721.5890410958903,0.7800164896401459,0.30650317422137596,0.0003884191215369271,0.0003915973681032189,771.5712328767123,0.0010087366855306126,0.0011284173092376345
