EI,PMean,PDev,TModMean,TModDev,Energy,Energy 1,Energy 2,etaMean,etaDev,etaMean 1,etaMean 2,Resa,Availability Inv 1,Availability Inv 2
4484.5150684931505,153.57894736842104,216.67315690968218,12.083561643835617,11.721020967482852,3685.894736842105,1872.7894736842106,1791.5844155844156,0.8869852489708263,0.447258281139776,0.0004506739221231568,0.0004311324827118819,829.3263157894736,0.9661016949152542,0.9830508474576272
