EI,PMean,PDev,TModMean,TModDev,Energy,Energy 1,Energy 2,etaMean,etaDev,etaMean 1,etaMean 2,Resa,Availability Inv 1,Availability Inv 2
25180.258045614824,138.02764976958525,215.0532840240432,13.850641458474003,11.236549972929208,18554.29013824885,9354.49000950918,9243.590243123595,0.7951940535231626,0.4261157064970521,0.0004009118524006001,0.00039615894436101243,4174.715281105991,0.9199288256227758,0.9893238434163701
