EI,PMean,PDev,TModMean,TModDev,Energy,Energy 1,Energy 2,etaMean,etaDev,etaMean 1,etaMean 2,Resa,Availability Inv 1,Availability Inv 2
85490.93809929918,104.54514164680964,184.79602889053578,19.58592329397011,0.0,59796.19098233461,32012.79210793399,27766.93307663494,0.7548182540345648,0.4184777303007734,0.00040410332913714983,0.0003505070741210262,13454.142971025287,0.025670076942588993,0.024740001691045913
