EI,PMean,PDev,TModMean,TModDev,Energy,Energy 1,Energy 2,etaMean,etaDev,etaMean 1,etaMean 2,Resa,Availability Inv 1,Availability Inv 2
84069.0343353743,109.28478389579632,191.2555830751054,19.622142544051897,0.0,58723.23756298928,31551.070195546345,27172.167367442933,0.7538117263978644,0.42840819293699944,0.0004050111622046321,0.0003488005641932323,13212.728451672589,0.022221087045361666,0.021182400217953957
