EI,PMean,PDev,TModMean,TModDev,Energy,Energy 1,Energy 2,etaMean,etaDev,etaMean 1,etaMean 2,Resa,Availability Inv 1,Availability Inv 2
86451.96572847955,115.22361024359775,194.70788502754723,19.65486333415415,0.0,60179.85133510306,32336.47961430356,27843.3717207995,0.7512166318337272,0.42666912779526717,0.00040365173330110396,0.0003475648985326233,13540.466550398189,0.02211898133123815,0.020991681896595896
