EI,PMean,PDev,TModMean,TModDev,Energy,Energy 1,Energy 2,etaMean,etaDev,etaMean 1,etaMean 2,Resa,Availability Inv 1,Availability Inv 2
31687.07945260596,148.97935103244836,216.72823397186193,13.958247422680412,11.460735255583554,23921.32471320878,12095.337431716378,11873.00318461041,0.81468922078281,0.43995254907559095,0.00041193124316852995,0.0004043591995338363,5382.298060471976,0.9177377892030848,0.9820051413881749
