EI,PMean,PDev,TModMean,TModDev,Energy,Energy 1,Energy 2,etaMean,etaDev,etaMean 1,etaMean 2,Resa,Availability Inv 1,Availability Inv 2
30658.44304658483,144.20630530973452,219.374485411644,13.749235127478755,11.397022409891568,22875.366096669128,11553.715924594397,11350.711613916332,0.805205836061831,0.4389507707546799,0.0004066872395121381,0.0003995415503453322,5146.957371750554,0.9316860465116279,0.9883720930232558
