EI,PMean,PDev,TModMean,TModDev,Energy,Energy 1,Energy 2,etaMean,etaDev,etaMean 1,etaMean 2,Resa,Availability Inv 1,Availability Inv 2
26300.226980486994,141.501953125,217.47116366873863,14.060840560373583,11.34171432734861,19237.3870578342,9704.592502170139,9574.824464362619,0.7893607778499339,0.43115006090820035,0.00039820505057156603,0.00039288032539158956,4328.412088012695,0.9206896551724137,0.9879310344827587
