EI,PMean,PDev,TModMean,TModDev,Energy,Energy 1,Energy 2,etaMean,etaDev,etaMean 1,etaMean 2,Resa,Availability Inv 1,Availability Inv 2
84176.48016511777,99.95452261306532,181.19875866810608,12.699684376643871,10.50077149067295,59157.306784477936,31657.015909547736,27471.899809380484,0.7584144322382234,0.41503840937160813,0.00040585244752378946,0.00035219800273097443,13310.394026507536,0.9429012345679012,0.9027777777777778
