EI,PMean,PDev,TModMean,TModDev,Energy,Energy 1,Energy 2,etaMean,etaDev,etaMean 1,etaMean 2,Resa,Availability Inv 1,Availability Inv 2
85773.38927758261,114.95706106870229,195.93311453143554,19.65530443048001,0.0,59757.011417249785,32164.210361976955,27592.801055272826,0.7518397005422868,0.4310320082745505,0.0004046777058155768,0.00034716199472671,13445.327568881203,0.0212347620920173,0.020020858622988937
