EI,PMean,PDev,TModMean,TModDev,Energy,Energy 1,Energy 2,etaMean,etaDev,etaMean 1,etaMean 2,Resa,Availability Inv 1,Availability Inv 2
85184.00884611128,103.96708794102159,184.4474183996344,12.971519512870191,10.694193443996777,59615.07478234158,31915.828820431805,27683.032398106756,0.755243463439634,0.4184777303007734,0.0004043309714010331,0.0003507070878161622,13413.391826026857,0.9415532425940752,0.899919935948759
