EI,PMean,PDev,TModMean,TModDev,Energy,Energy 1,Energy 2,etaMean,etaDev,etaMean 1,etaMean 2,Resa,Availability Inv 1,Availability Inv 2
31941.112442966612,134.1262862488307,210.92660721404778,12.997536945812808,11.274983155858422,23964.71613709594,12110.303822887436,11854.412314208505,0.8096758915147352,0.5894878095077333,0.0004091607423270284,0.0004005151491877069,5392.061130846587,0.946524064171123,0.9946524064171123
