EI,PMean,PDev,TModMean,TModDev,Energy,Energy 1,Energy 2,etaMean,etaDev,etaMean 1,etaMean 2,Resa,Availability Inv 1,Availability Inv 2
32212.691997071706,134.1262862488307,210.92660721404778,12.997536945812808,11.274983155858422,24168.476320288955,12213.271774243844,11955.204546045112,0.8096758915147352,0.5894878095077333,0.00040916074232702834,0.00040051514918770684,5437.907172065015,0.946524064171123,0.9946524064171123
