EI,PMean,PDev,TModMean,TModDev,Energy,Energy 1,Energy 2,etaMean,etaDev,etaMean 1,etaMean 2,Resa,Availability Inv 1,Availability Inv 2
211361.55321488765,94.82997196346206,179.09428569299416,12.443767732173256,9.994207251149275,149302.625925256,79481.59361892416,69924.95660090621,0.7623078834167465,0.40501119524851975,0.0004058163413185003,0.00035702215774242266,33593.0908331826,0.9612809315866084,0.9222707423580786
