EI,PMean,PDev,TModMean,TModDev,Energy,Energy 1,Energy 2,etaMean,etaDev,etaMean 1,etaMean 2,Resa,Availability Inv 1,Availability Inv 2
165408.6154523928,86.03600189483657,169.3812278909489,11.775560817547358,9.77901514840436,114930.52396231382,62487.32632796463,52420.93996949737,0.7498358784562568,0.40437480946482546,0.0004076831603489093,0.0003420075034585218,25859.36789152061,0.966557911908646,0.8939641109298532
