EI,PMean,PDev,TModMean,TModDev,Energy,Energy 1,Energy 2,etaMean,etaDev,etaMean 1,etaMean 2,Resa,Availability Inv 1,Availability Inv 2
216019.06349640916,93.80985576923077,177.74273346556808,12.11192417897289,10.112831655656084,151989.9726268029,81546.72607336957,70443.24655343332,0.7592972281903604,0.4602875869081477,0.000407383474089718,0.00035191375410064237,34197.74384103065,0.969826056088037,0.9105431309904153
