EI,PMean,PDev,TModMean,TModDev,Energy,Energy 1,Energy 2,etaMean,etaDev,etaMean 1,etaMean 2,Resa,Availability Inv 1,Availability Inv 2
218376.77205934693,96.91485986250662,181.29878003657038,12.46408178301713,10.058385148587572,154930.94858041016,82308.28167915271,72710.44545431013,0.7656330889169408,0.4092243431889824,0.00040674858395221554,0.0003593182863707658,34859.46343059229,0.962089300758214,0.9244594215108116
