EI,PMean,PDev,TModMean,TModDev,Energy,Energy 1,Energy 2,etaMean,etaDev,etaMean 1,etaMean 2,Resa,Availability Inv 1,Availability Inv 2
164664.2602468239,88.98661055853098,173.52593873742327,19.622142544051897,0.0,114022.20244707982,62163.34409348522,51858.8583535946,0.747272559360759,0.4090968406255351,0.000407402771058751,0.00033986978830200795,25654.99555059296,0.0497207464923035,0.04548086091813104
