EI,PMean,PDev,TModMean,TModDev,Energy,Energy 1,Energy 2,etaMean,etaDev,etaMean 1,etaMean 2,Resa,Availability Inv 1,Availability Inv 2
215816.51406283522,93.80985576923077,177.74273346556808,12.11192417897289,10.112831655656084,151847.45982091347,81470.26410326088,70377.19571765258,0.7592972281903603,0.4602875869081477,0.000407383474089718,0.00035191375410064226,34165.67845970553,0.969826056088037,0.9105431309904153
