EI,PMean,PDev,TModMean,TModDev,Energy,Energy 1,Energy 2,etaMean,etaDev,etaMean 1,etaMean 2,Resa,Availability Inv 1,Availability Inv 2
181338.40645280754,90.4283989904532,174.40757227042337,12.138956100933287,9.947304290627535,126899.65432428644,68518.58193627541,58397.9542304414,0.7551958605081595,0.39867346761464667,0.00040776272970714653,0.00034753359677618876,28552.42222296445,0.9690424766018718,0.906407487401008
