EI,PMean,PDev,TModMean,TModDev,Energy,Energy 1,Energy 2,etaMean,etaDev,etaMean 1,etaMean 2,Resa,Availability Inv 1,Availability Inv 2
165800.65409942757,90.70636172450052,175.36701112964874,19.65530443048001,0.0,114636.53927086985,62566.41291038673,52070.12636048312,0.7461493825049382,0.4101703266977328,0.00040723394700817555,0.0003389154354967626,25793.221335945716,0.048846791704423055,0.04441860862726325
