EI,PMean,PDev,TModMean,TModDev,Energy,Energy 1,Energy 2,etaMean,etaDev,etaMean 1,etaMean 2,Resa,Availability Inv 1,Availability Inv 2
213076.7813027127,95.37818313165974,179.68708231264463,12.475906344410875,10.017850152906695,150311.38017603796,79996.96607669618,70417.24456943318,0.7612804751700515,0.40607368003611727,0.00040515979745316854,0.00035664148212331885,33820.060539608545,0.9611931653634521,0.9223863307269041
