EI,PMean,PDev,TModMean,TModDev,Energy,Energy 1,Energy 2,etaMean,etaDev,etaMean 1,etaMean 2,Resa,Availability Inv 1,Availability Inv 2
166653.26295509373,91.00117401513175,174.98925425971217,19.65486333415415,0.0,115233.64914068615,62826.92203724236,52406.72710344377,0.7461986353122703,0.4085835123860719,0.0004068374457865536,0.00033936118952571646,25927.571056654382,0.0497036568910448,0.04536526209711855
