EI,PMean,PDev,TModMean,TModDev,Energy,Energy 1,Energy 2,etaMean,etaDev,etaMean 1,etaMean 2,Resa,Availability Inv 1,Availability Inv 2
166672.8723127942,87.79711200097076,171.03132167094094,19.58592329397011,0.0,115537.95088244416,62836.26413916192,52691.115668034334,0.748081126112346,0.4056575576593832,0.0004068500685609759,0.00034116261231917344,25996.038948549936,0.0529804684197176,0.04887122685380908
