EI,PMean,PDev,TModMean,TModDev,Energy,Energy 1,Energy 2,etaMean,etaDev,etaMean 1,etaMean 2,Resa,Availability Inv 1,Availability Inv 2
166386.4940809615,87.57395303800533,170.8710190342745,11.87862156987875,9.869197044420059,115370.21764544502,62745.04103969984,52614.70196725939,0.7482807928645852,0.4056575576593832,0.0004069586589651477,0.00034125419634197163,25958.298970225133,0.9663201663201664,0.8923076923076924
