,Power,Var2,Var3,Eta
last_value,135.7044,0.0618047,27.20625,0.8067617130697715
MaxScala,260.0,0.08,40.0,100.0
Media,132.30303747635836,0.0694,27.1,0.786540636550923
Dev,3.1919480600604158,0.015,0.5,0.01897610899104285
