,Power,Var2,Var3,Eta
last_value,149.1598,0.07041251,26.90466,0.7870747784328365
MaxScala,260.0,0.08,40.0,100.0
Media,141.0142819534672,0.0694,27.1,0.744093145233439
Dev,5.514114340396147,0.015,0.5,0.029096447720636687
