,Power,Var2,Var3,Eta
last_value,149.1176,0.07043397,26.89376,0.7869311734758939
MaxScala,259.3,80.0,40.0,100.0
Media,146.66207871460202,69.4,27.1,0.773972768521594
Dev,3.8857411464328715,15.0,0.5,0.02050603577435517
