,Power,Var2,Var3,Eta
last_value,118.7969,0.05531531,27.45515,0.7819472811967091
MaxScala,260.0,0.08,40.0,100.0
Media,119.54028935636045,0.0694,27.1,0.786840433173542
Dev,4.592420328477077,0.015,0.5,0.03022831900466383
