,Power,Var2,Var3,Eta
last_value,151.3591,0.07156023,26.83381,0.7879451851551349
MaxScala,260.0,0.08,40.0,100.0
Media,148.6750904441051,0.0694,27.1,0.773972768521594
Dev,3.939074922785541,0.015,0.5,0.02050603577435517
