,Power,Var2,Var3,Eta
last_value,140.1702,0.06410011,27.10088,0.8065941400296565
MaxScala,260.0,0.08,40.0,100.0
Media,135.56227378703693,0.0694,27.1,0.780078330812968
Dev,5.60448019824104,0.015,0.5,0.032250370519650184
