,Power,Var2,Var3,Eta
last_value,139.295,0.06527464000000001,27.03547,0.7890393382292182
MaxScala,260.0,0.08,40.0,100.0
Media,137.71304651863383,0.0694,27.1,0.780078330812968
Dev,5.6933984706218075,0.015,0.5,0.032250370519650184
