,Power,Var2,Var3,Eta
last_value,116.8077,0.053422130000000005,27.44061,0.7965225010876984
MaxScala,260.0,0.08,40.0,100.0
Media,114.80667579677748,0.0694,27.1,0.782877332121202
Dev,3.7222918049453257,0.015,0.5,0.02538265181365007
