,Power,Var2,Var3,Eta
last_value,131.2804,0.06061408,27.17536,0.7966959417419204
MaxScala,260.0,0.08,40.0,100.0
Media,129.91954702174885,0.0694,27.1,0.788437389474559
Dev,4.462194929292754,0.015,0.5,0.02707953808358987
