,Power,Var2,Var3,Eta
last_value,139.1677,0.06462034,27.06091,0.7955515965752679
MaxScala,260.0,0.08,40.0,100.0
Media,136.46092545904247,0.0694,27.1,0.780078330812968
Dev,5.641632684402372,0.015,0.5,0.032250370519650184
