,Power,Var2,Var3,Eta
last_value,147.8375,0.07071822,26.82836,0.7789340720969669
MaxScala,260.0,0.08,40.0,100.0
Media,146.89587124912302,0.0694,27.1,0.773972768521594
Dev,3.8919353670458565,0.015,0.5,0.02050603577435517
