,Power,Var2,Var3,Eta
last_value,139.5722,0.06436291,27.08816,0.8002492655531714
MaxScala,260.0,0.08,40.0,100.0
Media,136.05416898275124,0.0694,27.1,0.780078330812968
Dev,5.624816364100295,0.015,0.5,0.032250370519650184
