,Power,Var2,Var3,Eta
last_value,143.5598,0.06709274000000001,27.05001,0.790735840258822
MaxScala,260.0,0.08,40.0,100.0
Media,141.35192671271574,0.0694,27.1,0.778574744053577
Dev,2.601178604957266,0.015,0.5,0.014327445077620293
