,Power,Var2,Var3,Eta
last_value,116.8052,0.053432850000000004,27.44606,0.7961875225391212
MaxScala,260.0,0.08,40.0,100.0
Media,114.85251999712202,0.0694,27.1,0.782877332121202
Dev,3.723778177493458,0.015,0.5,0.02538265181365007
