,Power,Var2,Var3,Eta
last_value,157.9956,0.0742257,26.72117,0.7963000774800262
MaxScala,259.3,80.0,40.0,100.0
Media,150.35257120144087,69.4,27.1,0.757779103323311
Dev,3.7662766911537804,15.0,0.5,0.01898208824155212
