,Power,Var2,Var3,Eta
last_value,139.7422,0.06629362999999999,26.99913,0.7804544183449444
MaxScala,260.0,0.08,40.0,100.0
Media,139.40563989529053,0.0694,27.1,0.778574744053577
Dev,2.5653627533708487,0.015,0.5,0.014327445077620293
