,Power,Var2,Var3,Eta
last_value,128.8047,0.05928403,27.2226,0.7978218528155412
MaxScala,260.0,0.08,40.0,100.0
Media,127.16873235287345,0.0694,27.1,0.787688598831977
Dev,2.9519621422621998,0.015,0.5,0.01828458049885573
