,Power,Var2,Var3,Eta
last_value,140.4734,0.06433073,27.09361,0.805657170894183
MaxScala,260.0,0.08,40.0,100.0
Media,136.0135046945606,0.0694,27.1,0.780078330812968
Dev,5.623135201697413,0.015,0.5,0.032250370519650184
