,Power,Var2,Var3,Eta
last_value,140.5483,0.06440582,27.10451,0.8048231501985519
MaxScala,260.0,0.08,40.0,100.0
Media,136.22704967613336,0.0694,27.1,0.780078330812968
Dev,5.631963680205662,0.015,0.5,0.032250370519650184
