,Power,Var2,Var3,Eta
last_value,150.1268,0.07201073,26.72844,0.779702522977061
MaxScala,260.0,0.08,40.0,100.0
Media,148.40581829982244,0.0694,27.1,0.770764386857289
Dev,3.359190444107703,0.015,0.5,0.01744638042262414
