,Power,Var2,Var3,Eta
last_value,93.65846,0.04093676,27.62411,0.8279169775501722
MaxScala,260.0,0.08,40.0,100.0
Media,86.92113543723082,0.0694,27.1,0.768360741105729
Dev,13.983763911379446,0.015,0.5,0.12361291817401698
