,Power,Var2,Var3,Eta
last_value,147.7442,0.06940961,26.94645,0.7896430475107983
MaxScala,260.0,0.08,40.0,100.0
Media,142.26571959041095,0.0694,27.1,0.760362412694974
Dev,4.085086687837329,0.015,0.5,0.021833414113918925
