,Power,Var2,Var3,Eta
last_value,132.388,0.06019576,27.27892,0.8059295589272193
MaxScala,260.0,0.08,40.0,100.0
Media,129.20303100721372,0.0694,27.1,0.786540636550923
Dev,3.1171571873479946,0.015,0.5,0.01897610899104285
