,Power,Var2,Var3,Eta
last_value,126.1327,0.05784671,27.27892,0.7990305675978117
MaxScala,260.0,0.08,40.0,100.0
Media,124.07099264965544,0.0694,27.1,0.785969979864683
Dev,3.5936488093098746,0.015,0.5,0.022765192910720766
