,Power,Var2,Var3,Eta
last_value,131.201,0.059648719999999995,27.27892,0.80602846997164
MaxScala,260.0,0.08,40.0,100.0
Media,128.21573394174328,0.0694,27.1,0.787688598831977
Dev,2.976266143694375,0.015,0.5,0.01828458049885573
