,Power,Var2,Var3,Eta
last_value,140.3255,0.06424492,27.08816,0.8060460186532123
MaxScala,260.0,0.08,40.0,100.0
Media,135.80475466325768,0.0694,27.1,0.780078330812968
Dev,5.61450495831084,0.015,0.5,0.032250370519650184
