,Power,Var2,Var3,Eta
last_value,152.7632,0.07201073,26.82654,0.7904936920237828
MaxScala,259.3,0.08,40.0,100.0
Media,148.9505044384528,0.0694,27.1,0.770764386857289
Dev,3.3715195056828255,0.015,0.5,0.01744638042262414
