,Power,Var2,Var3,Eta
last_value,127.579,0.058345469999999997,27.31707,0.8001648563243287
MaxScala,260.0,0.08,40.0,100.0
Media,125.58977435226475,0.0694,27.1,0.787688598831977
Dev,2.915309860244595,0.015,0.5,0.01828458049885573
