,Power,Var2,Var3,Eta
last_value,134.1119,0.06175107,27.19898,0.7982000448116799
MaxScala,260.0,0.08,40.0,100.0
Media,132.47159909446032,0.0694,27.1,0.788437389474559
Dev,4.549847280914929,0.015,0.5,0.02707953808358987
