,Power,Var2,Var3,Eta
last_value,143.36,0.06804202,27.01912,0.7795089956689425
MaxScala,260.0,0.08,40.0,100.0
Media,139.83873962917826,0.0694,27.1,0.760362412694974
Dev,4.015397211273166,0.015,0.5,0.021833414113918925
