,Power,Var2,Var3,Eta
last_value,140.0594,0.06671196,26.95372,0.7786304542089447
MaxScala,260.0,0.08,40.0,100.0
Media,140.0493789034805,0.0694,27.1,0.778574744053577
Dev,2.5772089317302225,0.015,0.5,0.014327445077620293
