,Power,Var2,Var3,Eta
last_value,145.6708,0.06978503000000001,26.79566,0.7787307330311753
MaxScala,260.0,0.08,40.0,100.0
Media,142.90559023265178,0.0694,27.1,0.763948403085077
Dev,3.6432692522026175,0.015,0.5,0.019476283067009215
