,Power,Var2,Var3,Eta
last_value,140.6904,0.06428246,27.10088,0.8072910178496073
MaxScala,260.0,0.08,40.0,100.0
Media,135.94791712875764,0.0694,27.1,0.780078330812968
Dev,5.620423649260846,0.015,0.5,0.032250370519650184
