,Power,Var2,Var3,Eta
last_value,140.7859,0.06440045000000001,27.11541,0.8059268435737592
MaxScala,260.0,0.08,40.0,100.0
Media,136.2704701421826,0.0694,27.1,0.780078330812968
Dev,5.633758789828518,0.015,0.5,0.032250370519650184
