,Power,Var2,Var3,Eta
last_value,119.421,0.0534114,27.55507,0.8111230828808083
MaxScala,260.0,0.08,40.0,100.0
Media,115.04068261740233,0.0694,27.1,0.781371393149781
Dev,3.5059267138889743,0.015,0.5,0.02381271371470517
