QMean,QDev,PMean,PDev,BarMean,BarDev,etaMean,etaDev,Energy,Resa,Availability
0.05381184633333334,0.020448256164992407,116.28304900000002,45.12686606753154,27.356676999999998,0.5527659668741675,0.7833447592035815,0.059827520850368396,1740.4988367544447,365.5047557184334,0.9166666666666666
