QMean,QDev,PMean,PDev,BarMean,BarDev,etaMean,etaDev,Energy,Resa,Availability
0.06354456543478261,0.0033707998555450014,139.02697739130434,6.765823146485845,27.112646086956513,0.07866137040113008,0.806940671204821,0.00331397894318375,1591.1637562434782,334.1443888111304,1.0
