QMean,QDev,PMean,PDev,BarMean,BarDev,etaMean,etaDev,Energy,Resa,Availability
0.06731106836363636,0.009409026140171568,139.92622472727274,19.98410780674346,26.928810181818182,0.3209935423903892,0.7712008860632852,0.016913709923350496,1968.1012191848488,413.3012560288182,1.0
