QMean,QDev,PMean,PDev,BarMean,BarDev,etaMean,etaDev,Energy,Resa,Availability
0.064252427,6.569404364932806e-05,140.51294000000001,0.16574353954227225,27.090654500000007,0.006328240256975443,0.8069547219324171,0.0011046954790987823,1402.826549038889,294.5935752981667,1.0
