QMean,QDev,PMean,PDev,BarMean,BarDev,etaMean,etaDev,Energy,Resa,Availability
0.07324221787878787,0.0027520773367373562,154.79682727272726,5.859614970481124,26.781673030303025,0.11642038185828699,0.7888854473737534,0.005162202708439615,2604.456618863636,546.9358899613635,1.0
