QMean,QDev,PMean,PDev,BarMean,BarDev,etaMean,etaDev,Energy,Resa,Availability
0.06669815106382979,0.010044963917583275,138.55167148936172,21.300311818365078,26.954682978723405,0.3385582463914265,0.7698402594099047,0.017650088482552985,1673.7426781669033,351.4859624150497,1.0
