QMean,QDev,PMean,PDev,BarMean,BarDev,etaMean,etaDev,Energy,Resa,Availability
0.05785848260869566,0.012866502346686319,124.5695693478261,29.318069424874306,27.269479130434785,0.415700213327,0.7810752588499225,0.05431640007428375,1435.525876101087,301.4604339812283,1.0
