QMean,QDev,PMean,PDev,BarMean,BarDev,etaMean,etaDev,Energy,Resa,Availability
0.06254770594594596,0.0015263160209515255,135.3015189189189,3.2174765563595256,27.130237027027025,0.057594497525505786,0.7970571890996642,0.0029271784852795035,1256.6880244699698,263.90448513869364,1.0
