QMean,QDev,PMean,PDev,BarMean,BarDev,etaMean,etaDev,Energy,Resa,Availability
0.0731664118918919,0.002471653160996498,154.2272081081081,5.295888730325468,26.78711297297297,0.11877720947707704,0.7866314549946806,0.005338556105019681,1477.3681310022523,310.247307510473,1.0
