QMean,QDev,PMean,PDev,BarMean,BarDev,etaMean,etaDev,Energy,Resa,Availability
0.057494820204081636,0.015133520931459822,122.99257265306122,34.45319309959077,27.264311836734695,0.4173307951570583,0.7703189477148163,0.06901982832537645,1511.9886931482993,317.51762556114284,1.0
