QMean,QDev,PMean,PDev,BarMean,BarDev,etaMean,etaDev,Energy,Resa,Availability
0.05623157133333333,0.01405491957731473,120.75241155555555,31.37990538790269,27.312065555555556,0.3882227968894812,0.7761507001920687,0.059687934452056196,1356.4856321439506,284.86198275022963,1.0
