QMean,QDev,PMean,PDev,BarMean,BarDev,etaMean,etaDev,Energy,Resa,Availability
0.054723250985915496,0.018920219945530826,118.40423014084509,41.78476387308954,27.33590422535211,0.5105565257076925,0.7860426449056975,0.0549696876438719,2085.328723227778,437.9190318778334,0.9295774647887324
