QMean,QDev,PMean,PDev,BarMean,BarDev,etaMean,etaDev,Energy,Resa,Availability
0.05552958,0.0016322686626317137,121.22622857142856,3.43812520598666,27.377458095238097,0.057603732445128605,0.7971459204320359,0.0032053152044920763,1268.6998299047618,266.42696428,1.0
