QMean,QDev,PMean,PDev,BarMean,BarDev,etaMean,etaDev,Energy,Resa,Availability
0.06371810628571428,0.01289959143525364,136.38959942857142,26.69833693898372,27.085873714285714,0.44543312235611543,0.7912401456373098,0.016550431477569724,1230.6888188438095,258.4446519572,1.0
