QMean,QDev,PMean,PDev,BarMean,BarDev,etaMean,etaDev,Energy,Resa,Availability
0.06395601578947369,0.0041683247456171645,138.69924736842103,7.423153408468059,27.144000000000005,0.16801824235230495,0.7992600413028031,0.008661912866655012,1363.1439086505845,286.26022081662273,1.0
