QMean,QDev,PMean,PDev,BarMean,BarDev,etaMean,etaDev,Energy,Resa,Availability
0.05467863014285714,0.019051175423170273,118.29382342857144,42.07188379186056,27.336718285714284,0.5141446710160517,0.7858428307104343,0.05536712599072075,2078.258180663016,436.43421793923335,0.9285714285714286
