QMean,QDev,PMean,PDev,BarMean,BarDev,etaMean,etaDev,Energy,Resa,Availability
0.06339590722222223,0.014791807673425668,131.59357083333333,32.14855641078533,27.035925,0.41922893500714153,0.7588752947810437,0.05263204071746989,1173.924313142361,246.52410575989578,1.0
