QMean,QDev,PMean,PDev,BarMean,BarDev,etaMean,etaDev,Energy,Resa,Availability
0.06063735129032259,0.011878926835093919,132.62899516129033,25.961409208217773,27.19839580645161,0.3187685351552045,0.8037202390846747,0.01454338706078837,2052.212651795699,430.9646568770968,1.0
