QMean,QDev,PMean,PDev,BarMean,BarDev,etaMean,etaDev,Energy,Resa,Availability
0.05558071975609756,0.0016184691540020273,121.33405853658536,3.4089101117852905,27.375784878048783,0.05728469178401847,0.7971692959903998,0.003240629959531709,1248.426350626016,262.16953363146337,1.0
