QMean,QDev,PMean,PDev,BarMean,BarDev,etaMean,etaDev,Energy,Resa,Availability
0.060863945892857145,0.011124038408054291,132.99329482142858,25.06440548069812,27.187106607142855,0.3084204672328528,0.8009432029819352,0.03233417335643737,1899.2550777956847,398.84356633709376,1.0
