QMean,QDev,PMean,PDev,BarMean,BarDev,etaMean,etaDev,Energy,Resa,Availability
0.06096110794117647,0.011390423623558747,133.34782794117646,24.89711516456378,27.19000470588235,0.30557615051913,0.8040504470735786,0.013926141590871187,2252.578183496323,473.04141853422783,1.0
