QMean,QDev,PMean,PDev,BarMean,BarDev,etaMean,etaDev,Energy,Resa,Availability
0.07328531599999999,0.0024877480833536397,154.50403999999997,5.3004621509665135,26.784704285714287,0.12168327226946231,0.7868412439673673,0.005328067845255782,1383.9270205111109,290.6246743073333,1.0
