QMean,QDev,PMean,PDev,BarMean,BarDev,etaMean,etaDev,Energy,Resa,Availability
0.05659698425531914,0.01386174469666569,121.54735574468084,30.93567169653125,27.301416595744683,0.3832551309577373,0.7769376619664995,0.05853476484554296,1410.8946949607564,296.2878859417588,1.0
