QMean,QDev,PMean,PDev,BarMean,BarDev,etaMean,etaDev,Energy,Resa,Availability
0.05600288818181817,0.014130711513577,120.32082545454546,31.602151466963267,27.31917772727273,0.3897000008098516,0.776052888415867,0.06035882955248607,1329.311164112121,279.1553444635454,1.0
