QMean,QDev,PMean,PDev,BarMean,BarDev,etaMean,etaDev,Energy,Resa,Availability
0.062289164444444454,0.012970407021401458,133.65037155555558,27.376126252003424,27.190139111111108,0.38254235504536516,0.7892788465323369,0.0191124524634941,1539.206779081482,323.2334236071112,1.0
