QMean,QDev,PMean,PDev,BarMean,BarDev,etaMean,etaDev,Energy,Resa,Availability
0.060752015156250005,0.011709263410316155,132.88470781249998,25.592185328631906,27.195461875,0.31417386787551155,0.8038426447187914,0.014326725547652193,2129.551267532986,447.20576618192706,1.0
