QMean,QDev,PMean,PDev,BarMean,BarDev,etaMean,etaDev,Energy,Resa,Availability
0.0630205415909091,0.004617088903267131,136.85960681818185,8.5285593724422,27.174207272727276,0.17902079129332785,0.7995105505206346,0.00843892285564154,1547.2358716369954,324.91953304376904,1.0
