QMean,QDev,PMean,PDev,BarMean,BarDev,etaMean,etaDev,Energy,Resa,Availability
0.05642815978260869,0.013963721413377733,121.15551130434783,31.154518086185703,27.306052608695655,0.38609258430338217,0.7764308879754849,0.05906550050826272,1383.326704626087,290.49860797147824,1.0
