QMean,QDev,PMean,PDev,BarMean,BarDev,etaMean,etaDev,Energy,Resa,Availability
0.059951883333333345,0.020249444709655756,128.25796027777778,43.233183402700995,27.236578055555558,0.5755700423339718,0.7893438962534642,0.016883978380220255,1171.885857615818,246.09603009932175,0.9166666666666666
