QMean,QDev,PMean,PDev,BarMean,BarDev,etaMean,etaDev,Energy,Resa,Availability
0.05477355958333333,0.01879315166332151,118.5316575,41.507467235207905,27.335642638888892,0.507003388428281,0.7862534241806025,0.05458479000925503,2115.4279063104163,444.2398603251874,0.9305555555555556
