QMean,QDev,PMean,PDev,BarMean,BarDev,etaMean,etaDev,Energy,Resa,Availability
0.06524184021052633,0.01034720158102012,135.33955273684205,22.856976931638847,26.99680263157895,0.3373829657111072,0.7640332114058491,0.04838255591429509,3248.1492656842092,682.1113457936839,1.0
