QMean,QDev,PMean,PDev,BarMean,BarDev,etaMean,etaDev,Energy,Resa,Availability
0.06642771666666665,0.00255695162700083,141.10563333333334,2.6645966928515747,27.111776666666668,0.06734388877660338,0.7838118584337678,0.01528340781027836,3386.5352000000003,711.1723920000001,1.0
