QMean,QDev,PMean,PDev,BarMean,BarDev,etaMean,etaDev,Energy,Resa,Availability
0.05871090442105263,0.012236047143397741,127.66529611368418,26.788981597947817,27.297852105263164,0.3149196739718168,0.7937892959417643,0.03283249239501318,3063.9671067284203,643.4330924129682,1.0
