QMean,QDev,PMean,PDev,BarMean,BarDev,etaMean,etaDev,Energy,Resa,Availability
0.06465342021052631,0.014229106594019174,137.73043497894736,29.302147856361227,27.058228947368423,0.44446353453993737,0.789060016560355,0.016479745747108417,3305.5304394947366,694.1613922938947,1.0
