QMean,QDev,PMean,PDev,BarMean,BarDev,etaMean,etaDev,Energy,Resa,Availability
0.058549500000000004,0.010886124156898944,126.4552475,24.90816634472953,27.252746875000003,0.3000001341156386,0.7849369656207922,0.05154284774528593,3034.92594,637.3344474,1.0
