QMean,QDev,PMean,PDev,BarMean,BarDev,etaMean,etaDev,Energy,Resa,Availability
0.07320408197916667,0.010018844540955332,154.88734541666665,20.72043232002396,26.776428750000004,0.3336048609640666,0.7902474485219266,0.012567470583072372,3717.2962899999993,780.6322208999999,1.0
