QMean,QDev,PMean,PDev,BarMean,BarDev,etaMean,etaDev,Energy,Resa,Availability
0.06790665124999999,0.01689120119308443,144.31055220833335,35.54181987991562,26.918515520833335,0.5118084478588928,0.7896688971030962,0.02260663916121521,3463.4532530000006,727.3251831300001,0.9895833333333334
