QMean,QDev,PMean,PDev,BarMean,BarDev,etaMean,etaDev,Energy,Resa,Availability
0.06759905395833334,0.0153904920258775,139.68778989583333,32.06690599107466,26.790053958333328,0.5754411937600559,0.7722579556046814,0.02640248835126011,3352.5069574999998,704.0264610749999,0.96875
