QMean,QDev,PMean,PDev,BarMean,BarDev,etaMean,etaDev,Energy,Resa,Availability
0.05875994708333334,0.009968895886821014,127.13174395833335,22.3949270953677,27.248791145833334,0.2759334470441114,0.7889535463910845,0.04267851748811797,3051.1618550000003,640.74398955,1.0
