QMean,QDev,PMean,PDev,BarMean,BarDev,etaMean,etaDev,Energy,Resa,Availability
0.055587042083333336,0.016339334440533176,120.47963687500003,36.11342300617211,27.324035625000004,0.44005445343401456,0.7892045095460757,0.047154305634241264,2891.5112850000005,607.2173698500001,0.9479166666666666
