QMean,QDev,PMean,PDev,BarMean,BarDev,etaMean,etaDev,Energy,Resa,Availability
0.060884918854166664,0.009665956942467904,131.83106166666667,19.95029925223573,27.23908260416667,0.29878931485819005,0.7953743816382387,0.015478809923286844,3163.9454800000003,664.4285508,1.0
