QMean,QDev,PMean,PDev,BarMean,BarDev,etaMean,etaDev,Energy,Resa,Availability
0.06584251126315789,0.02168573912892255,139.7840278947368,44.715561239763026,26.99345547368422,0.7699715552801708,0.7898765355074565,0.04801839686707709,3354.816669473683,704.5115005894734,0.968421052631579
