QMean,QDev,PMean,PDev,BarMean,BarDev,etaMean,etaDev,Energy,Resa,Availability
0.0667172647368421,0.015365917414171008,141.52893455789473,31.8197018141534,26.98177042105263,0.43988877825606343,0.7862201889793268,0.018902498009330377,3396.6944293894735,713.3058301717894,1.0
