QMean,QDev,PMean,PDev,BarMean,BarDev,etaMean,etaDev,Energy,Resa,Availability
0.05485670677083334,0.00988701657193049,119.46123312499999,22.024694463220065,27.42138489583333,0.2617294562775128,0.7900321547286344,0.03756590484823476,2867.069595,602.08461495,1.0
