QMean,QDev,PMean,PDev,BarMean,BarDev,etaMean,etaDev,Energy,Resa,Availability
0.05555631231578947,0.01642241398017891,120.40677410526315,36.29591055763606,27.323898526315798,0.4423900818341169,0.7891265506854236,0.047412315017917595,2889.762578526316,606.8501414905263,0.9473684210526315
