QMean,QDev,PMean,PDev,BarMean,BarDev,etaMean,etaDev,Energy,Resa,Availability
0.06170167968750001,0.00961592904765246,134.765343125,21.50028494111838,27.161131562500003,0.26495949434272087,0.8026369395705812,0.02130013411014683,3234.368235,679.21732935,1.0
