QMean,QDev,PMean,PDev,BarMean,BarDev,etaMean,etaDev,Energy,Resa,Availability
0.0684805053125,0.01474411946636296,145.222850625,30.978747516975712,26.91490135416667,0.44930586204958944,0.7879509110444636,0.021370317799095487,3485.3484150000004,731.92316715,0.9895833333333334
