QMean,QDev,PMean,PDev,BarMean,BarDev,etaMean,etaDev,Energy,Resa,Availability
0.060777991562499994,0.009385834930117024,131.12085927083334,21.294709086242833,27.172826666666662,0.30468537624103137,0.7897473381050201,0.03872564565225858,3146.9006225000003,660.849130725,1.0
