QMean,QDev,PMean,PDev,BarMean,BarDev,etaMean,etaDev,Energy,Resa,Availability
0.05744480770833333,0.010700230008761833,124.27677729166668,24.051285182263626,27.291522395833336,0.3055787422108006,0.7867206026709287,0.045558211493976014,2982.642655,626.35495755,1.0
