QMean,QDev,PMean,PDev,BarMean,BarDev,etaMean,etaDev,Energy,Resa,Availability
0.05486603635416667,0.009885245860558544,119.47344458333333,22.022893395514632,27.420306145833333,0.2614119214850777,0.7900068134653443,0.03756092312564114,2867.36267,602.1461607,1.0
