QMean,QDev,PMean,PDev,BarMean,BarDev,etaMean,etaDev,Energy,Resa,Availability
0.06735056568421052,0.016759567102829335,142.8774443368421,35.164011090593355,26.948208105263156,0.5022626798279851,0.7874693751460126,0.0223645848423587,3429.0586640842102,720.1023194576841,0.9894736842105263
