QMean,QDev,PMean,PDev,BarMean,BarDev,etaMean,etaDev,Energy,Resa,Availability
0.07442368621052631,0.0030903455237068743,157.25820631578947,6.524610856213016,26.743505263157896,0.12709224850968104,0.7898433150513609,0.005337183113484951,3774.196951578947,792.5813598315789,1.0
