QMean,QDev,PMean,PDev,BarMean,BarDev,etaMean,etaDev,Energy,Resa,Availability
0.07936145531250001,0.01528853868650501,167.92137635416665,35.121450996528225,26.675370208333334,0.18580088613205414,0.790653138228473,0.01588133604998214,4030.1130324999995,846.3237368249999,1.0
