QMean,QDev,PMean,PDev,BarMean,BarDev,etaMean,etaDev,Energy,Resa,Availability
0.06743659541666668,0.014442848538424282,142.71705479166667,29.953683218988765,26.965809166666663,0.4883437505650832,0.7846968800448743,0.02901362999649073,3425.209315,719.29395615,0.9577174086832657
