QMean,QDev,PMean,PDev,BarMean,BarDev,etaMean,etaDev,Energy,Resa,Availability
0.058744304583333344,0.009961267080498482,127.10195437499999,22.3802563084979,27.248980416666665,0.2758294125788191,0.7889721964277946,0.042683840377890726,3050.446905,640.5938500499999,1.0
