QMean,QDev,PMean,PDev,BarMean,BarDev,etaMean,etaDev,Energy,Resa,Availability
0.07029056166666667,0.011217968029942307,148.97235426041667,22.74941905938115,26.87805427083333,0.33434209791315295,0.7886084209346834,0.013166310892678331,3575.33650225,750.8206654725,1.0
