QMean,QDev,PMean,PDev,BarMean,BarDev,etaMean,etaDev,Energy,Resa,Availability
0.06861665,0.01461537615798997,145.71019576041667,29.988576738430822,26.945408229166663,0.45124149680122044,0.7902707204220861,0.008973555650981959,3497.04469825,734.3793866325,1.0
