QMean,QDev,PMean,PDev,BarMean,BarDev,etaMean,etaDev,Energy,Resa,Availability
0.06212972333333333,0.007304148451729143,135.858668125,16.394834431929905,27.153409895833335,0.20377418562229796,0.8041760184680955,0.01631247318086725,3260.608035,684.72768735,1.0
