QMean,QDev,PMean,PDev,BarMean,BarDev,etaMean,etaDev,Energy,Resa,Availability
0.06151978010416667,0.009844028640205305,134.42349895833334,21.904581407934366,27.16942072916667,0.26762878691172853,0.8028502141681589,0.021446782746420822,3226.1639750000004,677.4944347500001,1.0
