QMean,QDev,PMean,PDev,BarMean,BarDev,etaMean,etaDev,Energy,Resa,Availability
0.07429841463157894,0.012915331475995074,154.51906694736843,29.551017551092574,26.706232315789475,0.39038971556625357,0.7764880494280301,0.019048328371330477,3708.4576067368425,778.7760974147369,1.0
