QMean,QDev,PMean,PDev,BarMean,BarDev,etaMean,etaDev,Energy,Resa,Availability
0.06961877600000001,0.004418131460156433,147.1905,7.758049190872655,26.979877999999996,0.17485941054458579,0.7839686228120468,0.011951966470608758,3532.5719999999997,741.84012,1.0
