QMean,QDev,PMean,PDev,BarMean,BarDev,etaMean,etaDev,Energy,Resa,Availability
0.058922267894736834,0.012225556348940602,128.14137716631578,26.785704156152306,27.292420947368427,0.3133768027591125,0.7940269684516628,0.03285908471465837,3075.3930519915784,645.8325409182314,1.0
