QMean,QDev,PMean,PDev,BarMean,BarDev,etaMean,etaDev,Energy,Resa,Availability
0.05551301989583333,0.016321273570353567,120.38515770833332,36.086665059336106,27.32978854166667,0.43914982259991847,0.7894660606589369,0.047221917466528776,2889.2437849999997,606.7411948499999,0.9479166666666666
