QMean,QDev,PMean,PDev,BarMean,BarDev,etaMean,etaDev,Energy,Resa,Availability
0.055580170625,0.016338311624028608,120.46641916666668,36.111054316410296,27.323430000000002,0.44010362797442365,0.7892353860361092,0.047162391543589886,2891.1940600000003,607.1507526,0.9479166666666666
