QMean,QDev,PMean,PDev,BarMean,BarDev,etaMean,etaDev,Energy,Resa,Availability
0.060888447263157904,0.009716635721612642,131.8319949473684,20.05502386743541,27.239084,0.3003577731705973,0.7953416800010881,0.015556764829508343,3163.9678787368416,664.4332545347368,1.0
