QMean,QDev,PMean,PDev,BarMean,BarDev,etaMean,etaDev,Energy,Resa,Availability
0.07170429789473685,0.011080529351311687,152.14621499999998,22.726824514810144,26.80145063157894,0.35547737055464335,0.7921815273593394,0.008805571029393285,3651.5091599999996,766.8169235999999,1.0
