QMean,QDev,PMean,PDev,BarMean,BarDev,etaMean,etaDev,Energy,Resa,Availability
0.06897525416666667,0.014473171057254427,146.34459725520833,29.926430325271244,26.898929062500002,0.46381425948567606,0.790561167132748,0.008743290076497484,3512.270334125,737.57677016625,1.0
