QMean,QDev,PMean,PDev,BarMean,BarDev,etaMean,etaDev,Energy,Resa,Availability
0.06192581364583333,0.009703668987925726,135.484321875,21.217034806175562,27.164027708333332,0.26037691712159944,0.8050267209458081,0.011805429706123291,3251.6237250000004,682.84098225,1.0
