QMean,QDev,PMean,PDev,BarMean,BarDev,etaMean,etaDev,Energy,Resa,Availability
0.06192570208333333,0.009703624353703375,135.47122708333333,21.213883827049784,27.16408458333333,0.2603642405118768,0.8049504223341679,0.01179180532954624,3251.3094499999997,682.7749845,1.0
