QMean,QDev,PMean,PDev,BarMean,BarDev,etaMean,etaDev,Energy,Resa,Availability
0.06856475041666667,0.014592216991385049,145.5811280520833,29.934064833364943,26.949628125,0.45052545168418,0.7900453184591423,0.009124253329603716,3493.9470732499994,733.7288853824998,1.0
