QMean,QDev,PMean,PDev,BarMean,BarDev,etaMean,etaDev,Energy,Resa,Availability
0.06801290708333334,0.014456760222451721,144.61144680208335,29.705106702802144,26.965657604166665,0.44528623202699824,0.7906130652526551,0.008605259049143625,3470.67472325,728.8416918825,1.0
