QMean,QDev,PMean,PDev,BarMean,BarDev,etaMean,etaDev,Energy,Resa,Availability
0.06697537231578946,0.012170227186851608,142.5936492631579,24.844351632720116,26.99789252631579,0.41671626574285564,0.7897374194575473,0.013846487387881648,3422.2475823157893,718.6719922863157,1.0
