QMean,QDev,PMean,PDev,BarMean,BarDev,etaMean,etaDev,Energy,Resa,Availability
0.06776764757894738,0.015066925879778124,143.9743790157895,31.007228452443588,26.94602831578948,0.48565968380002716,0.7906478502169046,0.009168903568183787,3455.385096378948,725.630870239579,1.0
