QMean,QDev,PMean,PDev,BarMean,BarDev,etaMean,etaDev,Energy,Resa,Availability
0.07590140010416667,0.014003015343837072,158.39284541666666,32.19517786060984,26.702356979166666,0.39563061987351245,0.7788697706690105,0.019917025418750844,3801.42829,798.2999408999999,1.0
