QMean,QDev,PMean,PDev,BarMean,BarDev,etaMean,etaDev,Energy,Resa,Availability
0.05872033802083334,0.009948285786828806,127.07888874999999,22.36881611056903,27.24966177083333,0.27538158172265714,0.7891168239480161,0.042707338677003256,3049.89333,640.4775993,1.0
