QMean,QDev,PMean,PDev,BarMean,BarDev,etaMean,etaDev,Energy,Resa,Availability
0.0714805137894737,0.009039886336501917,151.26225915789476,18.35073892391072,26.84616315789474,0.3154666506363422,0.7888824082438,0.0072486313671962345,3630.2942197894745,762.3617861557896,1.0
