QMean,QDev,PMean,PDev,BarMean,BarDev,etaMean,etaDev,Energy,Resa,Availability
0.06265972354166667,0.01664948647873555,134.00571395833333,35.43479030515075,27.1429259375,0.5087914074745705,0.7885555161285972,0.026778020757051792,3216.137135,675.38879835,0.96875
