QMean,QDev,PMean,PDev,BarMean,BarDev,etaMean,etaDev,Energy,Resa,Availability
0.06744748937499999,0.009619325297874523,139.2940046875,20.632753793096235,26.90526854166667,0.28035595001035124,0.7642295249285502,0.03276479929416317,3343.0561125000004,702.0417836250001,1.0
