QMean,QDev,PMean,PDev,BarMean,BarDev,etaMean,etaDev,Energy,Resa,Availability
0.06744296385416666,0.016696355261881284,143.073747,35.03267314331572,26.9442534375,0.5011244882217146,0.7875846804484009,0.022273080440022894,3433.7699279999997,721.0916848799999,0.9895833333333334
