QMean,QDev,PMean,PDev,BarMean,BarDev,etaMean,etaDev,Energy,Resa,Availability
0.06490644715789473,0.010236184818321375,134.61032957894736,22.598304983633476,27.00965389473684,0.3313656657032172,0.7635026087773984,0.04819518137699164,3230.6479098947366,678.4360610778947,1.0
