QMean,QDev,PMean,PDev,BarMean,BarDev,etaMean,etaDev,Energy,Resa,Availability
0.0619263725,0.009703790613845402,135.4695125,21.213450421907442,27.164235937499996,0.2603344497011574,0.8049274569136543,0.011788724894847202,3251.2683,682.766343,1.0
