QMean,QDev,PMean,PDev,BarMean,BarDev,etaMean,etaDev,Energy,Resa,Availability
0.07096603729166667,0.011922521285225153,150.62328744791665,24.29962622845017,26.82953114583333,0.3865969890916492,0.791959607089911,0.009038241739243075,3614.9588987499997,759.1413687374999,1.0
