QMean,QDev,PMean,PDev,BarMean,BarDev,etaMean,etaDev,Energy,Resa,Availability
0.06226394894736842,0.008704110776375599,136.08217905263157,19.596791958105207,27.148875894736843,0.24125053039044916,0.8032692821384565,0.02499913413847623,3265.972297263158,685.8541824252632,1.0
