QMean,QDev,PMean,PDev,BarMean,BarDev,etaMean,etaDev,Energy,Resa,Availability
0.06538399178947368,0.022819443335288667,139.33848031578947,47.20314880731223,27.008907894736844,0.8189750725579854,0.7922476433058339,0.04977599632359945,3344.1235275789472,702.2659407915789,0.968421052631579
