QMean,QDev,PMean,PDev,BarMean,BarDev,etaMean,etaDev,Energy,Resa,Availability
0.05864061915789474,0.009969958540603938,126.94559073684209,22.448277447934554,27.252298947368413,0.2756186272120598,0.7892080071648904,0.042922228745156464,3046.6941776842104,639.8057773136842,1.0
