QMean,QDev,PMean,PDev,BarMean,BarDev,etaMean,etaDev,Energy,Resa,Availability
0.07079024978947368,0.010982165965363546,150.23594712631575,22.46890290036304,26.879304526315796,0.34762900181165146,0.7907555636359174,0.007235553670446696,3605.662731031578,757.1891735166314,1.0
