QMean,QDev,PMean,PDev,BarMean,BarDev,etaMean,etaDev,Energy,Resa,Availability
0.06612763432441471,0.01968460948664592,140.1970427916945,41.43272765778957,26.171027958472685,3.984232121144396,0.7883616645927902,0.02403673313494692,62923.93773098229,13214.02692350628,0.9548494983277592
