QMean,QDev,PMean,PDev,BarMean,BarDev,etaMean,etaDev,Energy,Resa,Availability
0.04199694098826978,0.029983718049166944,89.61594464507543,64.05706206868071,20.217658898651287,10.614086273858735,0.781882230516681,0.0468724725420202,50500.7256328443,10605.152382897304,0.6818988464951198
