QMean,QDev,PMean,PDev,BarMean,BarDev,etaMean,etaDev,Energy,Resa,Availability
0.050690709123041036,0.010911760379566865,110.23754296795168,24.77850453188882,27.504960873200183,0.283960405743451,0.7849384386063358,0.044657994691111244,59339.675139599574,12461.33177931591,0.986065954482118
