QMean,QDev,PMean,PDev,BarMean,BarDev,etaMean,etaDev,Energy,Resa,Availability
0.05069198216894492,0.010909387100026896,110.2405920194986,24.773156107661645,27.504933528319405,0.28389731877168134,0.7849437347852118,0.0446481476188304,59360.76162655266,12465.759941576058,0.9860724233983287
