QMean,QDev,PMean,PDev,BarMean,BarDev,etaMean,etaDev,Energy,Resa,Availability
0.06222549636622465,0.00886581113192078,136.16901849961,19.592520863803934,27.186817691107645,0.24521130382876374,0.8039816871854684,0.018282191252792828,87269.7026887613,18326.637564639874,0.999609984399376
