QMean,QDev,PMean,PDev,BarMean,BarDev,etaMean,etaDev,Energy,Resa,Availability
0.06410667334344262,0.022082593832920244,135.93781510270492,46.475104239852264,25.844124809426226,4.788939601821777,0.7883981422995843,0.024358438017412557,41499.62484161249,8714.921216738621,0.9336065573770492
