QMean,QDev,PMean,PDev,BarMean,BarDev,etaMean,etaDev,Energy,Resa,Availability
0.06381267836755271,0.022705104338323,135.3067386125573,47.83338469347266,25.708473764894592,5.044489373827651,0.7886144614610234,0.025119085255354202,36946.40702308285,7758.745474847398,0.925756186984418
