QMean,QDev,PMean,PDev,BarMean,BarDev,etaMean,etaDev,Energy,Resa,Availability
0.06195998129890311,0.01435718105562055,133.30051648400365,30.207849231551794,27.192059314442414,0.4256683604236996,0.7920802400597625,0.02203731189098754,36501.421233366,7665.298459006861,0.9872029250457038
