QMean,QDev,PMean,PDev,BarMean,BarDev,etaMean,etaDev,Energy,Resa,Availability
0.061098976492248054,0.01072481421231768,130.54059976744188,23.014458846054822,27.134738856589145,0.32077399197619455,0.7837766673960631,0.04130671725046201,16829.402905851744,3534.174610228866,1.0
