QMean,QDev,PMean,PDev,BarMean,BarDev,etaMean,etaDev,Energy,Resa,Availability
0.06193344979181819,0.01432352744581779,133.256378485,30.13371131679234,27.193005463636364,0.4247870086748969,0.7921306136287039,0.0219915517114301,36686.18429447362,7704.09870183946,0.9872727272727273
