QMean,QDev,PMean,PDev,BarMean,BarDev,etaMean,etaDev,Energy,Resa,Availability
0.03716312915450765,0.03169243471688381,78.85729293190771,67.28900873825333,18.343771439257175,11.237658831725092,0.778163114203901,0.04943165636744048,35035.769534360385,7357.511602215681,0.5965109735509285
