QMean,QDev,PMean,PDev,BarMean,BarDev,etaMean,etaDev,Energy,Resa,Availability
0.05775603714364641,0.0274958950758234,122.36919505395949,57.99227836096941,24.530438798342544,6.939492399726008,0.7878925869262775,0.02398522461762898,16636.363999130357,3493.636439817375,0.852670349907919
