QMean,QDev,PMean,PDev,BarMean,BarDev,etaMean,etaDev,Energy,Resa,Availability
0.05774956105959032,0.027605444205197064,122.32831479385477,58.23465205947992,24.499052900372444,6.97158523646216,0.7878019073515412,0.02410064718077775,16444.017696251372,3453.243716212788,0.851024208566108
