QMean,QDev,PMean,PDev,BarMean,BarDev,etaMean,etaDev,Energy,Resa,Availability
0.036990561841046286,0.03318423461052927,77.7042220945674,69.85118037012407,16.733707412394367,12.622440006712996,0.7769975240072302,0.03398757004603426,19587.701890104687,4113.417396921984,0.5653923541247485
