QMean,QDev,PMean,PDev,BarMean,BarDev,etaMean,etaDev,Energy,Resa,Availability
0.06607036982995496,0.019775589963803766,140.07965583800677,41.62519322568243,26.164321839808558,4.003807942671158,0.7883677946332921,0.024162702681090185,62218.091225133176,13065.799157277967,0.9543918918918919
