QMean,QDev,PMean,PDev,BarMean,BarDev,etaMean,etaDev,Energy,Resa,Availability
0.06820217380469457,0.014561391548163629,144.38940162045645,30.279878081685922,26.93876481403212,0.5085785789364606,0.7869970679651983,0.027010399916345875,85457.42886340678,17946.060061315424,0.9881656804733728
