QMean,QDev,PMean,PDev,BarMean,BarDev,etaMean,etaDev,Energy,Resa,Availability
0.06990035729844413,0.011862343053591712,148.2012185205092,24.311599626368544,26.896694398868455,0.3906806359562777,0.7888272178317731,0.015060490773065826,26235.073706562274,5509.365478378078,1.0
