QMean,QDev,PMean,PDev,BarMean,BarDev,etaMean,etaDev,Energy,Resa,Availability
0.03489714456599881,0.032307898506392554,73.80779991910391,68.35153369539552,17.40120972467953,11.416976553930677,0.7767896651962637,0.048759226588322865,29642.09404067783,6224.839748542345,0.5538270068450529
