QMean,QDev,PMean,PDev,BarMean,BarDev,etaMean,etaDev,Energy,Resa,Availability
0.06374089727540107,0.018264882123425488,135.93304038587343,38.478414414252704,26.63410152758467,3.0032407359673092,0.7890361856344188,0.01963747746772067,76277.05093117229,16018.18069554618,0.9612299465240641
