QMean,QDev,PMean,PDev,BarMean,BarDev,etaMean,etaDev,Energy,Resa,Availability
0.06693103512297298,0.009739146968860843,142.53363723243245,19.93860849118137,27.015928216216217,0.3231187461349854,0.7886397797865794,0.01629021675978072,29610.33372543561,6218.170082341478,1.0
