QMean,QDev,PMean,PDev,BarMean,BarDev,etaMean,etaDev,Energy,Resa,Availability
0.062222244653515627,0.008872352157641632,136.1618486066406,19.606980052350732,27.186949140624996,0.245380164381075,0.8039764226766445,0.01829592035595683,87147.0627999366,18300.883187986685,0.999609375
