QMean,QDev,PMean,PDev,BarMean,BarDev,etaMean,etaDev,Energy,Resa,Availability
0.05668514205284513,0.023897735401843496,120.40086624386825,50.49211166025423,25.535984313735113,4.308430547351399,0.7881784433396529,0.02515257770125318,85929.76379139809,18045.250396193598,0.9577174086832657
