QMean,QDev,PMean,PDev,BarMean,BarDev,etaMean,etaDev,Energy,Resa,Availability
0.05914791252288539,0.014157898461252684,127.44043388136214,30.891024557306814,26.842919778359576,2.9812358608796736,0.7897396015651647,0.035759495081936654,87047.94056182075,18280.067517982356,0.9696082021237642
