QMean,QDev,PMean,PDev,BarMean,BarDev,etaMean,etaDev
0.05618429356682018,0.02412889969620586,119.36309173976608,51.00287397379361,25.47537997127193,4.3892842168909665,0.7883374504022271,0.025088880834642835
