QMean,QDev,PMean,PDev,BarMean,BarDev,etaMean,etaDev,Energy,Resa,Availability
0.061001013080753695,0.025187415341474062,129.28847436244953,53.09692740029392,25.15863429004038,6.026257483736136,0.7885076461691656,0.022057709763144712,24035.553393676684,5047.466212672103,0.8909825033647375
