QMean,QDev,PMean,PDev,BarMean,BarDev,etaMean,etaDev,Energy,Resa,Availability
0.07063644840000001,0.011037002614065743,149.58707836923077,22.800237267943526,26.87573993846154,0.38176868551599624,0.7880063114292755,0.018744676097357117,12203.189197463205,2562.669731467273,1.0
