QMean,QDev,PMean,PDev,BarMean,BarDev,etaMean,etaDev,Energy,Resa,Availability
0.06709047527966124,0.015764340015115903,142.21291749411765,32.84446120163092,26.975604216318786,0.5619638626724133,0.7869841585613937,0.028300696172783076,93763.46522992791,19690.327698284862,0.9844402277039849
