QMean,QDev,PMean,PDev,BarMean,BarDev,etaMean,etaDev,Energy,Resa,Availability
0.060835138418256135,0.02529597898783932,128.93980429332424,53.326367877238454,25.13972016008174,6.060649426960561,0.7884545369274113,0.022205766665947438,23683.59161937319,4973.55424006837,0.8896457765667575
