QMean,QDev,PMean,PDev,BarMean,BarDev,etaMean,etaDev,Energy,Resa,Availability
0.06222061498162627,0.008875628423174664,136.15821299179046,19.61421194505463,27.187013596559808,0.24546521928258572,0.8039735849991648,0.018302849563226736,87053.24515873705,18281.181483334778,0.9996090695856138
