QMean,QDev,PMean,PDev,BarMean,BarDev,etaMean,etaDev,Energy,Resa,Availability
0.06368047883967391,0.022707834066037536,135.04208781005434,47.82408462260793,25.728988829257247,5.018614844682709,0.7885851796052367,0.02501601329134334,37300.650284454154,7833.136559735372,0.9266304347826086
