QMean,QDev,PMean,PDev,BarMean,BarDev,etaMean,etaDev,Energy,Resa,Availability
0.05974385001419558,0.026258219343998464,126.60652514085173,55.360436991339455,24.856861999211358,6.472965410730145,0.7885547526471467,0.022263073813219878,20083.628251572518,4217.561932830228,0.8738170347003155
