QMean,QDev,PMean,PDev,BarMean,BarDev,etaMean,etaDev,Energy,Resa,Availability
0.06749524253565278,0.014740534115883034,143.29633756780066,30.5038025347408,26.975250982271202,0.5136171535394899,0.7884039843660303,0.02771507445918266,74841.9655165191,15716.812758469012,0.9865836128413992
