QMean,QDev,PMean,PDev,BarMean,BarDev,etaMean,etaDev,Energy,Resa,Availability
0.061510429239832534,0.009687601371608904,134.57926304066987,21.29921399810788,27.16179127392345,0.2800572853128626,0.8049493516414798,0.015431610909678038,56251.92634641128,11812.904532746368,1.0
