QMean,QDev,PMean,PDev,BarMean,BarDev,etaMean,etaDev,Energy,Resa,Availability
0.06800817661514283,0.01455410383558665,144.01543211343807,30.192792800974413,26.947823359511343,0.5131002478824395,0.7870134373879087,0.027299909203925242,82581.84913821473,17342.188319025092,0.987783595113438
