QMean,QDev,PMean,PDev,BarMean,BarDev,etaMean,etaDev,Energy,Resa,Availability
0.03491172685793538,0.03230314062192029,73.84123972014925,68.34342476111605,17.407376304452736,11.416102695868641,0.7768158705674835,0.04873816502483753,29672.87655553172,6231.3040766616605,0.5541044776119403
