QMean,QDev,PMean,PDev,BarMean,BarDev,etaMean,etaDev,Energy,Resa,Availability
0.06366160331125227,0.02272405741751519,135.00523070989112,47.85954850174639,25.727074380671507,5.02296316266402,0.7885968773413539,0.025038725629908068,37217.30446577841,7815.633937813466,0.926497277676951
