QMean,QDev,PMean,PDev,BarMean,BarDev,etaMean,etaDev,Energy,Resa,Availability
0.06421863474521233,0.02207659722132758,136.17607040074938,46.45984880488138,25.821639448376352,4.822752894916172,0.7885907841611446,0.024214677918742263,40908.312868913126,8590.745702471757,0.93255620316403
