QMean,QDev,PMean,PDev,BarMean,BarDev,etaMean,etaDev,Energy,Resa,Availability
0.06746320447853026,0.014768689893098787,143.2477463668753,30.568265882666235,26.977096230139626,0.5141579658319005,0.788456961801259,0.02775964309198216,74463.24247163242,15637.280919042807,0.9865190178141551
