QMean,QDev,PMean,PDev,BarMean,BarDev,etaMean,etaDev,Energy,Resa,Availability
0.06012948967805186,0.013514657415300285,130.06764736148006,28.411267658802114,27.256404383301714,0.40524703307241317,0.7942926786232198,0.02178166553444148,51429.50649467216,10800.196363881154,0.9905123339658444
