QMean,QDev,PMean,PDev,BarMean,BarDev,etaMean,etaDev,Energy,Resa,Availability
0.06793085031142054,0.01449390259086845,143.8443884969379,30.04374546470986,26.948620118110238,0.5133126871504529,0.7869659189424791,0.027320310969641222,82274.23536407317,17277.589426455364,0.9877515310586177
