QMean,QDev,PMean,PDev,BarMean,BarDev,etaMean,etaDev,Energy,Resa,Availability
0.03472623513631585,0.03235309777459641,73.42068738721804,68.4267315938312,17.333518450852132,11.426999985582185,0.7765053850935133,0.048994358545956684,29292.488489795298,6151.4225828570125,0.5507518796992481
