QMean,QDev,PMean,PDev,BarMean,BarDev,etaMean,etaDev,Energy,Resa,Availability
0.06043692459129214,0.02557956103467963,128.11725217879214,53.9328799449145,25.08971204705056,6.1467653250561645,0.7884599401031891,0.022580735026884294,22825.725529429663,4793.402361180229,0.8862359550561798
