QMean,QDev,PMean,PDev,BarMean,BarDev,etaMean,etaDev,Energy,Resa,Availability
0.06155399658254397,0.0098335699497387,134.66689945534506,21.630383312135738,27.15997050744249,0.28630148559387664,0.8049464529904314,0.01575042528125012,49738.02227472543,10444.98467769234,1.0
