QMean,QDev,PMean,PDev,BarMean,BarDev,etaMean,etaDev,Energy,Resa,Availability
0.0599187401700468,0.026167573221961136,126.97826215179407,55.1711860347414,24.876359418876756,6.440201652699337,0.788644485401548,0.022137659422358593,20388.97009719255,4281.683720410435,0.875195007800312
