QMean,QDev,PMean,PDev,BarMean,BarDev,etaMean,etaDev,Energy,Resa,Availability
0.0638215963944544,0.022600157749977846,135.33366479633273,47.59482418134301,25.74182763640429,4.988417575991676,0.7885950681150079,0.024864612038423755,37841.13471860325,7946.638290906682,0.9275491949910555
