QMean,QDev,PMean,PDev,BarMean,BarDev,etaMean,etaDev,Energy,Resa,Availability
0.05097456836165137,0.010997249448891647,110.82643578173719,24.931059113155804,27.495953389755012,0.2884112358439357,0.7849977660339322,0.044737140323469274,62205.55464408391,13063.16647525762,0.9866369710467706
