QMean,QDev,PMean,PDev,BarMean,BarDev,etaMean,etaDev,Energy,Resa,Availability
0.07063366733746129,0.011071025665925304,149.58834417956658,22.87038841858832,26.876027708978327,0.38293123074946,0.7880375570234339,0.018795730626679375,12110.256821599434,2543.1539325358813,1.0
