QMean,QDev,PMean,PDev,BarMean,BarDev,etaMean,etaDev,Energy,Resa,Availability
0.059154674572055595,0.014151623524558727,127.4537067776152,30.876669357256024,26.84313704268471,2.979607223680903,0.7897397993084433,0.0357402962196108,87128.34525978602,18296.95250455506,0.9696415508412582
