QMean,QDev,PMean,PDev,BarMean,BarDev,etaMean,etaDev,Energy,Resa,Availability
0.061551895934724085,0.009823136006244893,134.6638955282638,21.601277749865826,27.15991645356662,0.28584944099655313,0.804967651203974,0.015719144414237312,50020.23067449594,10504.248441644148,1.0
