QMean,QDev,PMean,PDev,BarMean,BarDev,etaMean,etaDev,Energy,Resa,Availability
0.06377388401527403,0.022639553516976586,135.23340902273137,47.67772559904364,25.737193034591197,4.999118071907765,0.7885846925048012,0.02491732107254797,37649.50697963017,7906.396465722335,0.9272237196765498
