QMean,QDev,PMean,PDev,BarMean,BarDev,etaMean,etaDev,Energy,Resa,Availability
0.059152768887669224,0.014153861571215537,127.44927264178557,30.881447373179135,26.843047389206,2.9801486034775815,0.7897358334721245,0.03574645584204323,87101.09868824323,18291.230724531077,0.9696304427369191
