QMean,QDev,PMean,PDev,BarMean,BarDev,etaMean,etaDev,Energy,Resa,Availability
0.06755619435377437,0.014596722638782337,143.26603005307263,30.193153162865347,26.966707490689014,0.513113258095081,0.7877401631680941,0.027661708477097154,76984.31961797424,16166.70711977459,0.9869646182495344
