QMean,QDev,PMean,PDev,BarMean,BarDev,etaMean,etaDev,Energy,Resa,Availability
0.05915052808565154,0.014155967022619547,127.44493672401171,30.88626689369534,26.842976956332357,2.9806916944914894,0.789736096399736,0.03575319980384075,87074.66433577359,18285.67951051245,0.969619326500732
