QMean,QDev,PMean,PDev,BarMean,BarDev,etaMean,etaDev,Energy,Resa,Availability
0.0372613913473054,0.03318916099371668,78.26547960279443,69.85271810759532,16.813891844231534,12.603684462440704,0.7770284682839157,0.03376125179902183,19884.540815694967,4175.7535712959425,0.5688622754491018
