QMean,QDev,PMean,PDev,BarMean,BarDev,etaMean,etaDev,Energy,Resa,Availability
0.060692973211287964,0.02255561804652199,128.7605877165503,47.50642509791495,26.004672943862268,4.0482501453456265,0.7875433347015919,0.02663448317810043,202920.53434653682,42613.31221277273,0.9130434782608695
