QMean,QDev,PMean,PDev,BarMean,BarDev,etaMean,etaDev,Energy,Resa,Availability
0.05432492441302273,0.0198506704531589,116.84581251591501,42.8196982252299,25.50466989047428,6.181155853061675,0.7870647570248958,0.04104279222922148,728366.3892389816,152956.94174018613,0.914099835347978
