QMean,QDev,PMean,PDev,BarMean,BarDev,etaMean,etaDev,Energy,Resa,Availability
0.06131803186276791,0.016394458927990206,131.91446210091178,34.416774030351746,26.75562829952442,2.8708135508978376,0.7935590171185888,0.02192175022912528,1050156.8519806827,220532.93891594335,0.9701163385323447
