QMean,QDev,PMean,PDev,BarMean,BarDev,etaMean,etaDev,Energy,Resa,Availability
0.06217207243882372,0.02161493603729436,131.88908024468483,45.50881761934979,26.148540970433974,3.7206634306137216,0.7877197971955743,0.026228983965869614,248500.42252067037,52185.08872934077,0.9271400132714002
