QMean,QDev,PMean,PDev,BarMean,BarDev,etaMean,etaDev,Energy,Resa,Availability
0.0635625875090056,0.020421555794357223,134.81524061055887,42.9482970678296,26.270652621186215,3.4082585200466893,0.78795936823911,0.024544758638111,305350.75288651197,64123.65810616751,0.9391429202562404
