QMean,QDev,PMean,PDev,BarMean,BarDev,etaMean,etaDev,Energy,Resa,Availability
0.05574813870888797,0.01869018123934746,119.919328722306,40.33814058249394,25.81860636380674,5.645354163598801,0.7878647693306028,0.03962259910738749,585501.9919320031,122955.41830572064,0.9296301995178745
