QMean,QDev,PMean,PDev,BarMean,BarDev,etaMean,etaDev,Energy,Resa,Availability
0.061518230475359904,0.022056996253424818,130.51252117791947,46.43924128138564,26.0913100576329,3.8585941066004734,0.7876689484965289,0.026431601193040243,227781.40051009276,47834.094107119476,0.9213354348760567
