QMean,QDev,PMean,PDev,BarMean,BarDev,etaMean,etaDev,Energy,Resa,Availability
0.05549801753683815,0.02220776666785219,119.17667000606649,47.804903980130725,24.712030732311085,7.195182116798,0.7912121369000972,0.03686578126964504,338869.0621916051,71162.50306023707,0.8829909179084737
