QMean,QDev,PMean,PDev,BarMean,BarDev,etaMean,etaDev,Energy,Resa,Availability
0.06187130162575486,0.020869372034764445,131.21342062029646,43.86812971942209,26.181173116594454,3.2677545684624167,0.7876298122022201,0.025904681424337443,172672.52420379518,36261.23008279699,0.9285442797415432
