QMean,QDev,PMean,PDev,BarMean,BarDev,etaMean,etaDev,Energy,Resa,Availability
0.055748257466002704,0.018690653211098383,119.91948845398029,40.3391689268861,25.81852288752257,5.645486911438221,0.7878643092049278,0.039623646039117555,585481.6193510764,122951.14006372605,0.9296265900697579
