QMean,QDev,PMean,PDev,BarMean,BarDev,etaMean,etaDev,Energy,Resa,Availability
0.054459438067583035,0.01968159786804047,117.15092234211906,42.47337418984931,25.548002778688012,6.108354766908591,0.7871159398288766,0.04110345054569579,749241.5224443895,157340.7197133218,0.9162785236212767
