QMean,QDev,PMean,PDev,BarMean,BarDev,etaMean,etaDev,Energy,Resa,Availability
0.062283092545652174,0.008961600953924403,136.0994551304348,19.83754247758093,27.140814347826087,0.2446663813862902,0.804005337676232,0.01945990806335949,31341.095943649132,6581.630148166318,1.0
