QMean,QDev,PMean,PDev,BarMean,BarDev,etaMean,etaDev,Energy,Resa,Availability
0.06356424894948506,0.020419607358317552,134.81845779461133,42.94410596728094,26.270775989644434,3.4078922545486483,0.7879581845714726,0.024542051448101992,305441.88926160074,64142.79674493615,0.9391563604240283
