QMean,QDev,PMean,PDev,BarMean,BarDev,etaMean,etaDev,Energy,Resa,Availability
0.06097344535951042,0.02239812527728373,129.35467353532758,47.17003164375984,26.031111335315288,3.988988389434942,0.787622884534749,0.02636687222090255,210318.55420187183,44166.89638239308,0.915564441710243
