QMean,QDev,PMean,PDev,BarMean,BarDev,etaMean,etaDev,Energy,Resa,Availability
0.061317649742752924,0.01639547213609022,131.91333139027387,34.41882890794768,26.755583923907427,2.8709943944107152,0.7935571876695715,0.021922619618220434,1050033.4889850488,220507.03268686024,0.970112517580872
