QMean,QDev,PMean,PDev,BarMean,BarDev,etaMean,etaDev,Energy,Resa,Availability
0.06379663285798544,0.01851755209778586,135.77251551590797,38.86956971263476,26.571830563466104,2.820264035829387,0.7889548112932001,0.022589401024576447,548998.4293638325,115289.67016640482,0.9588075210291934
