QMean,QDev,PMean,PDev,BarMean,BarDev,etaMean,etaDev,Energy,Resa,Availability
0.06155104816836886,0.02097428430452968,130.6307923017174,44.103102372519466,26.168086463606556,3.309738067487365,0.7879961650296757,0.02601774037718705,167384.01972012396,35150.64414122603,0.9266198282591726
