QMean,QDev,PMean,PDev,BarMean,BarDev,etaMean,etaDev,Energy,Resa,Availability
0.05549879913553883,0.022206943632303754,119.17846823653674,47.80318008629282,24.712240230571325,7.194899508492409,0.7912130425147533,0.03686404504887963,338896.8192210577,71168.33203642211,0.8830012343502028
