QMean,QDev,PMean,PDev,BarMean,BarDev,etaMean,etaDev,Energy,Resa,Availability
0.06086460960274012,0.022465564290339773,129.12434639292186,47.31326908287114,26.016744845659375,4.0185403351718625,0.7876206556496016,0.026441505817340772,206672.62684186694,43401.251636792054,0.914375
