QMean,QDev,PMean,PDev,BarMean,BarDev,etaMean,etaDev,Energy,Resa,Availability
0.054322692920279574,0.01985434238958204,116.84038378364872,42.82743320790615,25.50398197270901,6.182302057799406,0.7870592466062599,0.04105089643002786,728028.6664991044,152886.01996481192,0.9140653248161986
