QMean,QDev,PMean,PDev,BarMean,BarDev,etaMean,etaDev
0.06798771281249999,0.010931721540228282,143.98471291666667,22.012093493013577,26.974381354166667,0.38899201050230414,0.7864249029366827,0.008498258186778672
