QMean,QDev,PMean,PDev,BarMean,BarDev,etaMean,etaDev,Energy,Resa,Availability
0.061911846268929774,0.020892229202514493,131.30222429840546,43.9229064645763,26.181700548504175,3.2659457905742024,0.787651063399736,0.02589593995565932,172980.6504821264,36325.93660124654,0.9286256643887624
