QMean,QDev,PMean,PDev,BarMean,BarDev,etaMean,etaDev,Energy,Resa,Availability
0.0643406278732975,0.019091254288491535,136.62725114357275,40.12103090106422,26.46086968459906,3.0273955434789963,0.7881983747598001,0.022725216757774825,473432.1355554834,99420.74846665151,0.9530855286900036
