QMean,QDev,PMean,PDev,BarMean,BarDev,etaMean,etaDev,Energy,Resa,Availability
0.062194964250832346,0.021594300530762993,131.93648161574208,45.4650052323689,26.150171426217394,3.716378040497904,0.7877199813730741,0.026195584959327823,249204.92488785405,52333.03422644935,0.9273136502052165
