QMean,QDev,PMean,PDev,BarMean,BarDev,etaMean,etaDev,Energy,Resa,Availability
0.06185354976024275,0.02091392514523342,131.23289695188024,43.9930748531124,26.24157983595081,3.1792728247177418,0.7875965624903957,0.026514651876963995,184161.42086827022,38673.898382336745,0.9306718944929603
