QMean,QDev,PMean,PDev,BarMean,BarDev,etaMean,etaDev,Energy,Resa,Availability
0.055496203246783796,0.022209303870904317,119.17308204769378,47.80835622682945,24.711624123391836,7.195751493615146,0.7912134330626098,0.0368693127696182,338814.7660866246,71151.10087819117,0.8829702795660993
