QMean,QDev,PMean,PDev,BarMean,BarDev,etaMean,etaDev,Energy,Resa,Availability
0.06142266001569879,0.022148734411004508,130.30983981046714,46.640324796725146,26.074359927331386,3.892254979669148,0.7876887520135294,0.026585733126407864,223228.13981958613,46877.90936211308,0.9198540145985401
