QMean,QDev,PMean,PDev,BarMean,BarDev,etaMean,etaDev,Energy,Resa,Availability
0.061424028218500695,0.022139408564292522,130.3139602907014,46.61796780398133,26.077839998867866,3.88663814623529,0.7876870197273309,0.026550005082635244,223932.0161400535,47025.723389411236,0.9201105937136205
