QMean,QDev,PMean,PDev,BarMean,BarDev,etaMean,etaDev,Energy,Resa,Availability
0.06142844667419792,0.02107621038450133,130.44573845319613,44.345306266558865,26.16113521067089,3.3320989065313737,0.7883152425048412,0.0260369717922613,164860.11434655506,34620.62401277656,0.9255887591529784
