QMean,QDev,PMean,PDev,BarMean,BarDev,etaMean,etaDev,Energy,Resa,Availability
0.061453572292064405,0.021062970299592487,130.49105346711437,44.313432969189854,26.161986203736912,3.328861833392502,0.7882921892037403,0.026019738281117432,165239.2623622683,34700.24509607634,0.9257357298044637
