QMean,QDev,PMean,PDev,BarMean,BarDev,etaMean,etaDev,Energy,Resa,Availability
0.06091124699699223,0.02243342029980175,129.22612184000928,47.245750530106754,26.02770755713491,3.998222889123693,0.7876131733725977,0.026434219084449897,209108.90027807897,43912.86905839658,0.9151599443671766
