QMean,QDev,PMean,PDev,BarMean,BarDev,etaMean,etaDev,Energy,Resa,Availability
0.060954655876719034,0.02240788523592215,129.31534995020792,47.19073930768507,26.03018253845988,3.9916730616805824,0.7876157432600065,0.026386243039111974,209980.1099933151,44095.82309859617,0.915447404897582
