QMean,QDev,PMean,PDev,BarMean,BarDev,etaMean,etaDev,Energy,Resa,Availability
0.061402226476830885,0.022150421189096138,130.2694235705728,46.64195287173919,26.076760908354466,3.889656542940165,0.7876874023706557,0.02657118717048299,223499.73998278554,46934.94539638496,0.9199825098382161
