QMean,QDev,PMean,PDev,BarMean,BarDev,etaMean,etaDev,Energy,Resa,Availability
0.054325227281399,0.01984990221111758,116.84661643813196,42.818073184996024,25.504813915299362,6.1809285330837405,0.7870658598896385,0.04104115508860526,728403.9228515209,152964.8237988194,0.9141067341284183
