QMean,QDev,PMean,PDev,BarMean,BarDev,etaMean,etaDev,Energy,Resa,Availability
0.0615304841002208,0.02205778873799985,130.5388234808477,46.440545201207065,26.088104827905173,3.86324941657953,0.7877003596883154,0.026415278958345133,227193.35820371305,47710.60522277974,0.9211206896551725
