QMean,QDev,PMean,PDev,BarMean,BarDev,etaMean,etaDev,Energy,Resa,Availability
0.0543250658388354,0.019850284418530286,116.84618545332904,42.818878893518985,25.504741139775923,6.18104196773903,0.7870652835268791,0.041041966014708275,728388.902394204,152961.66950278284,0.9141032848767168
