QMean,QDev,PMean,PDev,BarMean,BarDev,etaMean,etaDev,Energy,Resa,Availability
0.0615197336987875,0.022055773695490444,130.51570895425502,46.43667819608031,26.091415391435532,3.8583277277132537,0.7876693913851347,0.026429552684027857,227822.5296154626,47842.73121924714,0.9213467048710602
