QMean,QDev,PMean,PDev,BarMean,BarDev,etaMean,etaDev,Energy,Resa,Availability
0.06403822820023651,0.0186637642305124,136.17523406773805,39.20492870120478,26.54608086921242,2.8593564613496647,0.78862263667944,0.02258030099386595,534055.8534386997,112151.72922212695,0.9575919903067407
