QMean,QDev,PMean,PDev,BarMean,BarDev,etaMean,etaDev,Energy,Resa,Availability
0.06133589543969475,0.01607193046532855,132.0869885240512,33.78183040233943,26.779824236852985,2.7862017802207673,0.7942436461944872,0.021814466679008014,1117189.5841774466,234609.81267726378,0.9719016708739031
