QMean,QDev,PMean,PDev,BarMean,BarDev,etaMean,etaDev,Energy,Resa,Availability
0.055757036797385584,0.01866209683436086,119.94150833259138,40.280655297861806,25.82541131382173,5.633146388324312,0.7878567311057559,0.03966161791609838,588347.6481891776,123553.0061197273,0.9299571166020012
