QMean,QDev,PMean,PDev,BarMean,BarDev,etaMean,etaDev,Energy,Resa,Availability
0.05549715540081847,0.022208556044553355,119.17489590289242,47.806638406837514,24.71182584348677,7.195466275220935,0.79121235468086,0.03686762234364114,338842.0696317716,71156.83462267203,0.8829805996472663
