QMean,QDev,PMean,PDev,BarMean,BarDev,etaMean,etaDev,Energy,Resa,Availability
0.06143349335139403,0.022134152378994736,130.33383570127964,46.60689596181523,26.07834577900538,3.8852726182513773,0.7876894257514077,0.02654075889445474,224123.83786023973,47066.00595065034,0.9201686782027046
