QMean,QDev,PMean,PDev,BarMean,BarDev,etaMean,etaDev,Energy,Resa,Availability
0.06133681838798387,0.01610587634036617,132.0762886076213,33.85059126055798,26.777502953434496,2.7941400990231684,0.7941786853140341,0.021841814522607104,1110674.563591046,233241.65835411966,0.9717368961973278
