QMean,QDev,PMean,PDev,BarMean,BarDev,etaMean,etaDev,Energy,Resa,Availability
0.0608483012541118,0.022472434715164573,129.0898307234006,47.32762234650798,26.01605992995777,4.020685895106081,0.787610986541236,0.0264558325122492,206366.91194763622,43337.051509003606,0.9142812451118411
