QMean,QDev,PMean,PDev,BarMean,BarDev,etaMean,etaDev,Energy,Resa,Availability
0.06379535339759873,0.020190638407427085,135.3123982636152,42.44513065539198,26.29683140731299,3.3415787630648786,0.7880257302531478,0.024117578152900516,319475.7295896883,67089.90321383454,0.9416189870735325
