QMean,QDev,PMean,PDev,BarMean,BarDev,etaMean,etaDev,Energy,Resa,Availability
0.05577275436160877,0.01843491352312709,119.97781982283658,39.78362656000287,25.913588892975284,5.474071867010903,0.7877564962255325,0.039645140125875,625914.7877716691,131442.1054320505,0.9323734101271898
