QMean,QDev,PMean,PDev,BarMean,BarDev,etaMean,etaDev,Energy,Resa,Availability
0.06403557287167137,0.018660746191539818,136.17103950508064,39.198149798159946,26.546394290184228,2.858855410415738,0.7886276609684462,0.02257753456394697,534240.5579707692,112190.51717386153,0.9576082106202588
