QMean,QDev,PMean,PDev,BarMean,BarDev,etaMean,etaDev,Energy,Resa,Availability
0.05076351575662839,0.025994045464388844,110.1231022093199,56.41282626093958,22.68969862450378,9.69574102759442,0.7994846593444294,0.022983315052977172,109691.45023840998,23035.204550066093,0.8095717884130983
