QMean,QDev,PMean,PDev,BarMean,BarDev,etaMean,etaDev,Energy,Resa,Availability
0.060695219710536326,0.022561696192032413,128.76319185509846,47.520676343854795,26.003400894571158,4.04994285500701,0.787535828013462,0.026645247760245083,202728.0241040167,42572.8850618435,0.9129606099110547
