QMean,QDev,PMean,PDev,BarMean,BarDev,etaMean,etaDev,Energy,Resa,Availability
0.06208221800163273,0.020857065199276298,131.64396694758517,43.861750686056595,26.188301179243727,3.2437975419896175,0.7876337778617843,0.025774123751107738,175857.10519569198,36929.992091095315,0.9296143766379633
