QMean,QDev,PMean,PDev,BarMean,BarDev,etaMean,etaDev,Energy,Resa,Availability
0.06163643034173789,0.0160657208026373,132.4048428699729,33.55954726636102,26.872611663219175,2.220935682003007,0.7927780691883418,0.022099596320903966,898200.3965619801,188622.0832780158,0.97473925586212
