QMean,QDev,PMean,PDev,BarMean,BarDev,etaMean,etaDev,Energy,Resa,Availability
0.06133677655851564,0.016104368279219895,132.0767800265134,33.847348962815275,26.77759299321608,2.7938097796305184,0.7941823635172616,0.021840608821990015,1110956.570970116,233300.87990372433,0.9717437292233303
