QMean,QDev,PMean,PDev,BarMean,BarDev,etaMean,etaDev,Energy,Resa,Availability
0.050804035498696505,0.02598360382185181,110.19927842408245,56.38168375935445,22.697918049089996,9.687718078818644,0.7994338229104987,0.02298027290093705,109986.07343124252,23097.075420560926,0.8099547511312217
