QMean,QDev,PMean,PDev,BarMean,BarDev,etaMean,etaDev,Energy,Resa,Availability
0.05435393900401558,0.019807313639590894,116.91225212303766,42.73224020566158,25.51660025856334,6.161776759927234,0.7870526344584813,0.04113649379463626,733775.5885848071,154092.8736028095,0.914685705169113
