,Power,Var2,Var3,Eta
last_value,46.9076,0.7919,1.5705,0.3770304851214825
MaxScala,400.0,3.0,2.0,100.0
Media,44.475487762800306,0.9787,1.41,0.357481830816822
Dev,0.0,0.983,0.04,0.0
