,Power,Var2,Var3,Eta
last_value,200.7544,1.9281,1.4578,0.7139685958251796
MaxScala,400.0,3.0,2.0,100.0
Media,207.24454437727678,0.9787,1.41,0.737050327870639
Dev,5.729378468335553,0.983,0.04,0.02037612276487366
