,Power,Var2,Var3,Eta
last_value,0.0,0.0051,0.0625,0.0
MaxScala,400.0,3.0,2.0,100.0
Media,0.032702930253540013,0.9787,1.41,1.0256
Dev,0.032702930253540013,0.983,0.04,1.0256
