,Power,Var2,Var3,Eta
last_value,0.0,0.0048,0.066,0.0
MaxScala,400.0,3.0,2.0,100.0
Media,0.032502865268459524,0.9787,1.41,1.0256
Dev,0.032502865268459524,0.983,0.04,1.0256
