,Power,Var2,Var3,Eta
last_value,211.7768,1.9515,1.4108,0.7689284193616371
MaxScala,400.0,3.0,2.0,100.0
Media,208.7251751569366,0.9787,1.41,0.757848447112262
Dev,6.665705275026313,0.983,0.04,0.02420213272207583
