,Power,Var2,Var3,Eta
last_value,0.0,0.0062,0.0607,0.0
MaxScala,400.0,3.0,2.0,100.0
Media,0.038611516146250184,0.9787,1.41,1.0256
Dev,0.038611516146250184,0.983,0.04,1.0256
