,Power,Var2,Var3,Eta
last_value,209.5359,1.8894,1.4556,0.7616124264020627
MaxScala,400.0,3.0,2.0,100.0
Media,202.77834032363836,0.9787,1.41,0.737050327870639
Dev,5.60590803673989,0.983,0.04,0.02037612276487366
