,Power,Var2,Var3,Eta
last_value,208.1665,1.8939,1.4557,0.7547853318746387
MaxScala,400.0,3.0,2.0,100.0
Media,203.2752633064764,0.9787,1.41,0.737050327870639
Dev,5.619645719663453,0.983,0.04,0.02037612276487366
