,Power,Var2,Var3,Eta
last_value,0.0,0.01,0.029400000000000003,0.0
MaxScala,400.0,3.0,2.0,100.0
Media,0.03016364390444161,0.9787,1.41,1.0256
Dev,0.03016364390444161,0.983,0.04,1.0256
