,Power,Var2,Var3,Eta
last_value,153.677,1.78,1.4879,0.5800382923184905
MaxScala,400.0,3.0,2.0,100.0
Media,188.84753816344028,0.9787,1.41,0.712785931172998
Dev,23.994523849995197,0.983,0.04,0.09056490326429134
