,Power,Var2,Var3,Eta
last_value,213.5812,1.9614,1.4124,0.7706916964979194
MaxScala,400.0,3.0,2.0,100.0
Media,210.02196012736,0.9787,1.41,0.757848447112262
Dev,6.707118518117027,0.983,0.04,0.02420213272207583
