,Power,Var2,Var3,Eta
last_value,230.6524,1.9971,1.4649,0.7881188677247853
MaxScala,400.0,3.0,2.0,100.0
Media,215.70658184459987,0.9787,1.41,0.737050327870639
Dev,5.963315701323799,0.983,0.04,0.02037612276487366
