,Power,Var2,Var3,Eta
last_value,201.7857,1.9272,1.4533,0.7201946032403992
MaxScala,400.0,3.0,2.0,100.0
Media,206.50837381373987,0.9787,1.41,0.737050327870639
Dev,5.709026667093091,0.983,0.04,0.02037612276487366
