,Power,Var2,Var3,Eta
last_value,193.8045,1.8721,1.4772999999999998,0.7004992154510938
MaxScala,400.0,3.0,2.0,100.0
Media,197.20381972028315,0.9787,1.41,0.712785931172998
Dev,25.056253322684498,0.983,0.04,0.09056490326429134
