,Power,Var2,Var3,Eta
last_value,201.8968,1.9301,1.4565000000000001,0.7179276391690389
MaxScala,400.0,3.0,2.0,100.0
Media,207.27451419514912,0.9787,1.41,0.737050327870639
Dev,5.730206998851198,0.983,0.04,0.02037612276487366
