,Power,Var2,Var3,Eta
last_value,201.0211,1.9273,1.4581,0.7150666957976037
MaxScala,400.0,3.0,2.0,100.0
Media,207.20118631542766,0.9787,1.41,0.737050327870639
Dev,5.728179813158724,0.983,0.04,0.02037612276487366
