,Power,Var2,Var3,Eta
last_value,196.1341,1.906,1.4526,0.7081507318331404
MaxScala,400.0,3.0,2.0,100.0
Media,204.1383228361545,0.9787,1.41,0.737050327870639
Dev,5.643505429462268,0.983,0.04,0.02037612276487366
