,Power,Var2,Var3,Eta
last_value,201.006,1.8968,1.4097,0.7514538571910012
MaxScala,400.0,3.0,2.0,100.0
Media,202.7164855200527,0.9787,1.41,0.757848447112262
Dev,6.473815848279115,0.983,0.04,0.02420213272207583
