,Power,Var2,Var3,Eta
last_value,201.1779,1.9261,1.4615,0.7144044597040055
MaxScala,400.0,3.0,2.0,100.0
Media,207.55502732550383,0.9787,1.41,0.737050327870639
Dev,5.737961923806974,0.983,0.04,0.02037612276487366
