,Power,Var2,Var3,Eta
last_value,153.9391,1.7835,1.4884,0.5796925321040283
MaxScala,400.0,3.0,2.0,100.0
Media,189.28245347439207,0.9787,1.41,0.712785931172998
Dev,24.049783166070203,0.983,0.04,0.09056490326429134
