,Power,Var2,Var3,Eta
last_value,230.2614,1.9931,1.4674,0.787018741508371
MaxScala,400.0,3.0,2.0,100.0
Media,215.6419300011641,0.9787,1.41,0.737050327870639
Dev,5.961528368968041,0.983,0.04,0.02037612276487366
