,Power,Var2,Var3,Eta
last_value,207.4053,1.9495,1.4541,0.7313813362473942
MaxScala,400.0,3.0,2.0,100.0
Media,209.012914044883,0.9787,1.41,0.737050327870639
Dev,5.778265927004654,0.983,0.04,0.02037612276487366
