,Power,Var2,Var3,Eta
last_value,55.1054,0.8631,1.5512000000000001,0.41144025834268155
MaxScala,400.0,3.0,2.0,100.0
Media,49.414931169432386,0.9787,1.41,0.368952807643844
Dev,1.9439186478587345,0.983,0.04,0.014514120043991219
