,Power,Var2,Var3,Eta
last_value,48.3224,0.8296,1.5223,0.3824908432710815
MaxScala,400.0,3.0,2.0,100.0
Media,46.612057427615916,0.9787,1.41,0.368952807643844
Dev,1.8336572672321225,0.983,0.04,0.014514120043991219
