,Power,Var2,Var3,Eta
last_value,230.4157,1.9965,1.4661,0.7869020863937968
MaxScala,400.0,3.0,2.0,100.0
Media,215.8184228610041,0.9787,1.41,0.737050327870639
Dev,5.966407601828046,0.983,0.04,0.02037612276487366
