,Power,Var2,Var3,Eta
last_value,205.9419,1.955,1.4531999999999998,0.7246263153988354
MaxScala,400.0,3.0,2.0,100.0
Media,209.4728575151969,0.9787,1.41,0.737050327870639
Dev,5.790981292918802,0.983,0.04,0.02037612276487366
