QMean,QDev,PMean,PDev,BarMean,BarDev,etaMean,etaDev,Energy,Resa,Availability
1.9112611111111113,0.00426479632037933,197.06662500000002,0.3118885443507386,1.4543805555555558,0.0020423052667192573,0.7086935386922227,0.001501176629228638,1757.6700728125002,369.110715290625,1.0
