QMean,QDev,PMean,PDev,BarMean,BarDev,etaMean,etaDev,Energy,Resa,Availability
1.9025432432432432,0.004820426163763147,201.1593918918919,0.4411946560520137,1.411091891891892,0.002638322396788089,0.7490216620676147,0.0017977270721947622,1816.692819219219,381.505492036036,1.0
