QMean,QDev,PMean,PDev,BarMean,BarDev,etaMean,etaDev,Energy,Resa,Availability
0.004971052631578947,9.975732326855205e-05,0.0,0.0,0.06376842105263159,0.0008491808012673142,,,0.0,0.0,0.0
