QMean,QDev,PMean,PDev,BarMean,BarDev,etaMean,etaDev,Energy,Resa,Availability
1.9249739130434786,0.0022406748578331303,200.2919304347826,0.34094399633802147,1.457704347826087,0.0023387061195882524,0.7135290957858963,0.0013445456963080006,2285.052743024155,479.86107603507253,1.0
