QMean,QDev,PMean,PDev,BarMean,BarDev,etaMean,etaDev,Energy,Resa,Availability
1.9684567567567566,0.006226080305285149,209.06935675675675,0.6503025194312793,1.4497783783783782,0.0026352224517757943,0.7323294314293766,0.0017819457467491175,1941.4412767717718,407.70266812207205,1.0
