QMean,QDev,PMean,PDev,BarMean,BarDev,etaMean,etaDev,Energy,Resa,Availability
1.9430900000000002,0.00726039943804747,203.4296625,0.7088275857666315,1.4557999999999998,0.0017896927110540313,0.7188911667344982,0.001721237543856992,1999.4875494166668,419.8923853775,1.0
