QMean,QDev,PMean,PDev,BarMean,BarDev,etaMean,etaDev,Energy,Resa,Availability
1.7806161290322582,0.0028848432365519805,154.4650677419355,0.39913841958858637,1.4979693548387096,0.003436736482228887,0.5788968661453703,0.0019050093449909052,2432.0524915967744,510.7310232353226,1.0
