QMean,QDev,PMean,PDev,BarMean,BarDev,etaMean,etaDev,Energy,Resa,Availability
0.009859722222222221,0.0002424754983167387,0.0,0.0,0.03442638888888889,0.003330039750161298,,,0.0,0.0,0.0
