QMean,QDev,PMean,PDev,BarMean,BarDev,etaMean,etaDev,Energy,Resa,Availability
1.9250404255319151,0.002262145430024815,200.30177021276594,0.34383620229163936,1.4577063829787236,0.0023137336737191006,0.7135384468505619,0.001331676230908386,2307.086917186761,484.48825260921984,1.0
