QMean,QDev,PMean,PDev,BarMean,BarDev,etaMean,etaDev,Energy,Resa,Availability
0.004954347826086955,9.935995549588223e-05,0.0,0.0,0.06399782608695652,0.0009907154047618884,,,0.0,0.0,0.0
