QMean,QDev,PMean,PDev,BarMean,BarDev,etaMean,etaDev,Energy,Resa,Availability
1.88982972972973,0.008244731810656828,196.34095135135138,1.1471851493209366,1.4752,0.002657167766728402,0.7040100727161329,0.002452117787115994,1794.0654429729732,376.75374302432436,1.0
