QMean,QDev,PMean,PDev,BarMean,BarDev,etaMean,etaDev,Energy,Resa,Availability
0.009170000000000001,0.00021931712199461313,0.0,0.0,0.041524,0.0010696840655071943,,,0.0,0.0,0.0
