QMean,QDev,PMean,PDev,BarMean,BarDev,etaMean,etaDev,Energy,Resa,Availability
1.9930680851063833,0.0025210692077378177,231.0198723404255,0.31441292655341474,1.4659787234042556,0.0013851701132510034,0.7903911896354061,0.0015882284996508167,2681.306479444444,563.0743606833332,1.0
