QMean,QDev,PMean,PDev,BarMean,BarDev,etaMean,etaDev,Energy,Resa,Availability
0.005649230769230768,0.00016183854910475245,0.0,0.0,0.06221692307692308,0.0016236302374398525,,,0.0,0.0,0.0
