QMean,QDev,PMean,PDev,BarMean,BarDev,etaMean,etaDev,Energy,Resa,Availability
0.32149444444444447,0.5836393996793093,26.468127777777777,62.94503920093312,0.4645722222222223,0.6234343040374161,0.5867724201081694,0.24642564627788896,237.19853843518516,49.81169307138888,0.3333333333333333
