QMean,QDev,PMean,PDev,BarMean,BarDev,etaMean,etaDev,Energy,Resa,Availability
1.7806323076923078,0.002889722248686926,154.43691076923076,0.4113218844813068,1.4976784615384617,0.003642251725668624,0.5788985099958164,0.0018866318625149635,2485.1901882700854,521.8899395367179,1.0
