QMean,QDev,PMean,PDev,BarMean,BarDev,etaMean,etaDev,Energy,Resa,Availability
1.992980434782609,0.0024764648335548214,231.0278608695652,0.3130577273327094,1.4660021739130438,0.0013908847872823457,0.7904405879378109,0.001569272770809958,2637.3113806376805,553.8353899339129,1.0
