QMean,QDev,PMean,PDev,BarMean,BarDev,etaMean,etaDev,Energy,Resa,Availability
1.8883918367346935,0.003142391961333036,209.87007142857146,0.62883206739128,1.3151469387755101,0.09431316721983768,0.848945057291381,0.05859060047039081,2535.2304628571433,532.3983972000001,1.0
