QMean,QDev,PMean,PDev,BarMean,BarDev,etaMean,etaDev,Energy,Resa,Availability
1.9456195652173915,0.003105158370617553,206.7570108695652,0.5957195325013217,1.4561586956521737,0.0021486675433208015,0.7295177179554939,0.001898333715146338,2382.529955253623,500.3312906032608,1.0
