QMean,QDev,PMean,PDev,BarMean,BarDev,etaMean,etaDev,Energy,Resa,Availability
0.009795000000000002,0.00020447086181980416,0.0,0.0,0.03531333333333333,0.002913443933827379,,,0.0,0.0,0.0
