QMean,QDev,PMean,PDev,BarMean,BarDev,etaMean,etaDev,Energy,Resa,Availability
1.9442255555555557,0.01824636835166637,203.1173044444445,1.4276771539743338,12.520856867358356,1.6712265259639716,0.09595974088458917,0.09411322516488686,2296.805341479013,482.3291217105927,1.0
