QMean,QDev,PMean,PDev,BarMean,BarDev,etaMean,etaDev,Energy,Resa,Availability
1.9929022222222226,0.002446992611248805,231.04146444444441,0.3027711993903078,1.4660000000000002,0.0014061768499493252,0.7905192213054557,0.0014942939311754066,2595.109071187654,544.9729049494074,1.0