QMean,QDev,PMean,PDev,BarMean,BarDev,etaMean,etaDev,Energy,Resa,Availability
0.7675411764705882,0.09072466788763571,41.47609411764706,12.4892869309694,1.5427897058823528,0.015889231830041015,0.34291935693266057,0.06362063198072394,697.9389737647059,146.56718449058823,1.0
