QMean,QDev,PMean,PDev,BarMean,BarDev,etaMean,etaDev,Energy,Resa,Availability
0.009853521126760561,0.0002384403465217973,0.0,0.0,0.03450422535211267,0.0032877252129667085,,,0.0,0.0,0.0
