QMean,QDev,PMean,PDev,BarMean,BarDev,etaMean,etaDev,Energy,Resa,Availability
0.44697692307692305,0.7094950174059477,40.72281538461538,78.07469019705043,0.537471794871795,0.6500347801143543,0.6470623922211831,0.21852648250307363,390.1811308504273,81.93803747858972,0.38461538461538464
