QMean,QDev,PMean,PDev,BarMean,BarDev,etaMean,etaDev,Energy,Resa,Availability
0.005672058823529411,0.00019085380009415748,0.0,0.0,0.062129411764705884,0.0016406651111425551,,,0.0,0.0,0.0
