QMean,QDev,PMean,PDev,BarMean,BarDev,etaMean,etaDev,Energy,Resa,Availability
0.005630645161290322,0.00013864402046994586,0.0,0.0,0.06235322580645161,0.0015257697942810627,,,0.0,0.0,0.0
