QMean,QDev,PMean,PDev,BarMean,BarDev,etaMean,etaDev,Energy,Resa,Availability
0.005039655172413793,0.00014376663942367574,0.0,0.0,0.06517931034482759,0.0008197473581978131,,,0.0,0.0,0.0
