QMean,QDev,PMean,PDev,BarMean,BarDev,etaMean,etaDev,Energy,Resa,Availability
1.864115625,0.22801661047321248,193.4656229166667,24.951501591618854,1.4507072916666666,0.12997271848737438,0.7066818945394143,0.005471017448015455,4643.1749500000005,975.0667395,1.0
