QMean,QDev,PMean,PDev,BarMean,BarDev,etaMean,etaDev,Energy,Resa,Availability
1.9271708333333333,0.004379923816562223,200.082215625,0.3799630871128918,1.4558833333333332,0.0029990507757548055,0.7128623295278093,0.0016532989390462861,4801.973175,1008.41436675,1.0
