QMean,QDev,PMean,PDev,BarMean,BarDev,etaMean,etaDev,Energy,Resa,Availability
0.9504166666666666,0.08588508755243186,68.187965625,11.997016807330931,1.5439479166666665,0.016513952302817207,0.4610204118175494,0.04312279009312724,1636.511175,343.66734675,1.0
