QMean,QDev,PMean,PDev,BarMean,BarDev,etaMean,etaDev,Energy,Resa,Availability
0.9361673684210526,0.11493413257129884,65.33752736842105,16.177417405848203,1.5370421052631575,0.017324297381954422,0.4472070936563377,0.059095943719912135,1568.1006568421053,329.3011379368421,1.0
