QMean,QDev,PMean,PDev,BarMean,BarDev,etaMean,etaDev,Energy,Resa,Availability
0.7890552083333332,0.09727378015789556,44.27805312500001,13.2959522638232,1.539696875,0.016206110300368427,0.3565789037485339,0.06586458428993006,1062.673275,223.16138775000002,1.0
