QMean,QDev,PMean,PDev,BarMean,BarDev,etaMean,etaDev,Energy,Resa,Availability
0.005635416666666666,0.0001848305342439092,0.0,0.0,0.06204791666666667,0.0014195788083285665,,,0.0,0.0,0.0
