QMean,QDev,PMean,PDev,BarMean,BarDev,etaMean,etaDev,Energy,Resa,Availability
1.9315677083333334,0.008366133301288636,213.66651979166667,1.037465413140341,1.4059354166666667,0.0031689239487648715,0.7865111996605482,0.0024725408308602496,5127.996475,1076.8792597499998,1.0
