QMean,QDev,PMean,PDev,BarMean,BarDev,etaMean,etaDev,Energy,Resa,Availability
0.9523010638297871,0.1140931296481555,67.68268297872342,16.08686314388656,1.5369127659574462,0.01768904718241827,0.4559041163920177,0.05784951735767693,1624.384391489362,341.120722212766,1.0
