QMean,QDev,PMean,PDev,BarMean,BarDev,etaMean,etaDev,Energy,Resa,Availability
1.8867395833333331,0.003612434519783327,209.70958645833332,0.6732371603584113,1.2896885416666668,0.07227425035612565,0.8640145855548113,0.04464681870381875,5033.030075,1056.93631575,1.0
