QMean,QDev,PMean,PDev,BarMean,BarDev,etaMean,etaDev,Energy,Resa,Availability
0.5188977272727273,0.8455957700689326,57.277238636363634,94.4678969883233,0.4197193181818182,0.6096888526233455,0.7832940098124902,0.035905615797454334,1374.6537272727273,288.6772827272727,0.2727272727272727
