QMean,QDev,PMean,PDev,BarMean,BarDev,etaMean,etaDev,Energy,Resa,Availability
1.9534677083333332,0.011208985372530253,135.80813125,96.03256015202855,1.4520166666666665,0.004200314141690931,0.47918236755119414,0.33883544673647237,3259.3951500000003,684.4729815000001,0.6666666666666666
