QMean,QDev,PMean,PDev,BarMean,BarDev,etaMean,etaDev,Energy,Resa,Availability
1.997834375,0.006125116123474049,231.03668854166668,0.3459902406709463,1.4638364583333334,0.0029211199262036288,0.789721419677511,0.0017383269281675976,5544.8805250000005,1164.42491025,1.0
