QMean,QDev,PMean,PDev,BarMean,BarDev,etaMean,etaDev,Energy,Resa,Availability
0.6348901234567901,0.8974748554688038,70.18533086419754,100.21785998708648,0.5026691358024692,0.6450132506327647,0.7835079019848024,0.03385858473106456,1684.447940740741,353.73406755555555,0.3333333333333333
