QMean,QDev,PMean,PDev,BarMean,BarDev,etaMean,etaDev,Energy,Resa,Availability
1.9526033684210526,0.018482603348783867,203.88677578947372,1.5580708480422563,12.615214054766946,1.1569620904483622,0.08869771822083677,0.06514356656311,4893.282618947369,1027.5893499789474,1.0
