QMean,QDev,PMean,PDev,BarMean,BarDev,etaMean,etaDev,Energy,Resa,Availability
0.009785416666666666,0.0005066185215612325,0.0,0.0,0.036198958333333336,0.004064800497145859,,,0.0,0.0,0.0
