QMean,QDev,PMean,PDev,BarMean,BarDev,etaMean,etaDev,Energy,Resa,Availability
0.005588541666666666,0.00015670420095588447,0.0,0.0,0.062196875000000006,0.0012901431707534109,,,0.0,0.0,0.0
