QMean,QDev,PMean,PDev,BarMean,BarDev,etaMean,etaDev,Energy,Resa,Availability
1.7823552083333334,0.003689197908298931,154.34015208333332,0.40115334531073255,1.4975052083333331,0.0036953058565244497,0.5780450718716591,0.0021690968322607687,3704.1636499999995,777.8743664999998,1.0
