QMean,QDev,PMean,PDev,BarMean,BarDev,etaMean,etaDev,Energy,Resa,Availability
0.00508125,0.00015566557369352206,0.0,0.0,0.06571041666666666,0.0009754784260670377,,,0.0,0.0,0.0
