QMean,QDev,PMean,PDev,BarMean,BarDev,etaMean,etaDev,Energy,Resa,Availability
0.9613812500000001,0.11604140183617297,67.57304791666667,16.166815279467144,1.5371614583333333,0.01712593896325873,0.45097668883127556,0.05562183076089173,1621.75315,340.5681615,1.0
