QMean,QDev,PMean,PDev,BarMean,BarDev,etaMean,etaDev,Energy,Resa,Availability
0.92623125,0.10910305460177318,63.67846041666667,15.210525553135888,1.5351572916666667,0.017185330134495427,0.44152363764859787,0.05669338788044663,1528.28305,320.9394405,1.0
