QMean,QDev,PMean,PDev,BarMean,BarDev,etaMean,etaDev,Energy,Resa,Availability
0.9319635416666667,0.10142615244578984,65.11001145833333,14.163011230820509,1.5408760416666667,0.01723784441758685,0.44789820332596086,0.05298030787236207,1562.640275,328.15445775,1.0
