QMean,QDev,PMean,PDev,BarMean,BarDev,etaMean,etaDev,Energy,Resa,Availability
1.9979239583333335,0.006055605956323774,231.03846770833334,0.34355924206956584,1.4639364583333334,0.0028947912918315727,0.7896380553979161,0.0017414295429385067,5544.9232250000005,1164.43387725,1.0
