QMean,QDev,PMean,PDev,BarMean,BarDev,etaMean,etaDev,Energy,Resa,Availability
0.005151041666666667,0.0001808514535852253,0.0,0.0,0.06263958333333333,0.0012266552733845898,,,0.0,0.0,0.0
