QMean,QDev,PMean,PDev,BarMean,BarDev,etaMean,etaDev,Energy,Resa,Availability
0.004966666666666666,0.00014907119849998606,0.0,0.0,0.06416979166666666,0.0014077996862470253,,,0.0,0.0,0.0
