QMean,QDev,PMean,PDev,BarMean,BarDev,etaMean,etaDev,Energy,Resa,Availability
1.9769557894736844,0.01084435061062694,209.3378863157895,0.5283177508022443,1.4454484210526315,0.005269312611874731,0.7323171826309008,0.0018432850593544617,5024.109271578947,1055.062947031579,1.0
