QMean,QDev,PMean,PDev,BarMean,BarDev,etaMean,etaDev,Energy,Resa,Availability
1.9270989583333333,0.004420513139323382,200.07321041666668,0.37412502686244603,1.45588125,0.0029977878128435442,0.7128579184976379,0.0016509046812589437,4801.75705,1008.3689805,1.0
