QMean,QDev,PMean,PDev,BarMean,BarDev,etaMean,etaDev,Energy,Resa,Availability
1.9092968750000001,0.010770285638476592,202.0483875,0.9216668913407668,1.4083895833333333,0.003973387491765982,0.7511186894091937,0.0031419214493188705,4849.1613,1018.3238729999999,1.0
