QMean,QDev,PMean,PDev,BarMean,BarDev,etaMean,etaDev,Energy,Resa,Availability
0.781409375,0.092107154624072,43.199120833333325,12.601178713152828,1.5402874999999998,0.016298748993404357,0.35173310469074487,0.06300256565514366,1036.7788999999998,217.72356899999994,1.0
