QMean,QDev,PMean,PDev,BarMean,BarDev,etaMean,etaDev,Energy,Resa,Availability
0.38615104166666664,0.7537396999012644,38.319596875,77.2106212299748,0.3283,0.5625416258672182,0.6993865205965016,0.01865729267861452,919.670325,193.13076825000002,0.20833333333333334
