QMean,QDev,PMean,PDev,BarMean,BarDev,etaMean,etaDev,Energy,Resa,Availability
0.9313802083333332,0.08439539212810493,65.51505104166667,11.767587218464351,1.5446479166666667,0.016299597254525098,0.4517650743721405,0.04247662689243453,1572.361225,330.19585725,1.0
