QMean,QDev,PMean,PDev,BarMean,BarDev,etaMean,etaDev,Energy,Resa,Availability
1.060947191011236,0.09594344318327537,83.58425168539327,13.794074863294838,1.530667415730337,0.01700352095250346,0.5111814563899988,0.042667080561013614,2006.0220404494385,421.26462849438207,1.0
