QMean,QDev,PMean,PDev,BarMean,BarDev,etaMean,etaDev,Energy,Resa,Availability
1.952255208333333,0.007256202372678423,206.76525833333335,0.7780479661556171,1.4541083333333333,0.003097299450955433,0.7280972449723163,0.002577562734224079,4962.3662,1042.096902,1.0
