QMean,QDev,PMean,PDev,BarMean,BarDev,etaMean,etaDev,Energy,Resa,Availability
1.9161697916666665,0.005215284424004498,197.23123020833336,0.3923976642386606,1.4519520833333335,0.0027587353370198877,0.7086537041080113,0.0019112133439532046,4733.549525,994.0454002500001,1.0
