QMean,QDev,PMean,PDev,BarMean,BarDev,etaMean,etaDev,Energy,Resa,Availability
0.005610416666666666,0.00016800245947273774,0.0,0.0,0.06211354166666666,0.0013859878991525217,,,0.0,0.0,0.0
