QMean,QDev,PMean,PDev,BarMean,BarDev,etaMean,etaDev,Energy,Resa,Availability
0.009623958333333333,0.0006119886967343071,0.0,0.0,0.03787395833333333,0.004252505261403435,,,0.0,0.0,0.0
