QMean,QDev,PMean,PDev,BarMean,BarDev,etaMean,etaDev,Energy,Resa,Availability
1.8874541666666669,0.003605751096820489,209.56563125000002,0.7317752975516262,1.3052062500000001,0.0849786551784476,0.853819086927559,0.05307168502790738,5029.575150000001,1056.2107815000002,1.0
