QMean,QDev,PMean,PDev,BarMean,BarDev,etaMean,etaDev,Energy,Resa,Availability
0.00980625,0.00048580099234837593,0.0,0.0,0.036063541666666664,0.00408908913532063,,,0.0,0.0,0.0
