QMean,QDev,PMean,PDev,BarMean,BarDev,etaMean,etaDev,Energy,Resa,Availability
0.9402869565217391,0.11677905579917118,65.82309021739131,16.446782933938778,1.5356880434782612,0.01734183081949603,0.44885243236632283,0.059715621983889626,1579.7541652173913,331.74837469565216,1.0
