QMean,QDev,PMean,PDev,BarMean,BarDev,etaMean,etaDev,Energy,Resa,Availability
0.927503125,0.0857402550987635,65.08298125,11.930434483263387,1.5463708333333333,0.015940520410959672,0.4500526815213437,0.043023763780067024,1561.9915500000002,328.0182255,1.0
