QMean,QDev,PMean,PDev,BarMean,BarDev,etaMean,etaDev,Energy,Resa,Availability
1.7824126315789472,0.003668134248397392,154.34514000000001,0.3995738720713655,1.497721052631579,0.0035659764953867774,0.5779618314749332,0.0022024875096344826,3704.2833600000004,777.8995056,1.0
