QMean,QDev,PMean,PDev,BarMean,BarDev,etaMean,etaDev,Energy,Resa,Availability
0.23505625,0.4585557310759557,16.231084375,43.631199201967114,0.39419999999999994,0.6073793818871913,0.44773104179913326,0.2066977193002078,389.546025,81.80466525,0.2604166666666667
