QMean,QDev,PMean,PDev,BarMean,BarDev,etaMean,etaDev,Energy,Resa,Availability
0.005129166666666666,0.00019627609522189805,0.0,0.0,0.06295208333333334,0.0013043979427519638,,,0.0,0.0,0.0
