QMean,QDev,PMean,PDev,BarMean,BarDev,etaMean,etaDev,Energy,Resa,Availability
1.5865479166666667,0.535932339086748,160.07365729166668,79.22836631580776,1.433366666666667,0.07418407801243847,0.6455984065822824,0.21328826501461254,3841.7677750000003,806.77123275,1.0
