QMean,QDev,PMean,PDev,BarMean,BarDev,etaMean,etaDev,Energy,Resa,Availability
1.9978385416666666,0.006124070844348334,231.03598854166668,0.34717589288122075,1.4638968749999999,0.002907298757903691,0.7896848136718274,0.001760173174251165,5544.863725,1164.42138225,1.0
