QMean,QDev,PMean,PDev,BarMean,BarDev,etaMean,etaDev,Energy,Resa,Availability
0.9269010416666665,0.08594227046734101,64.98230729166666,11.962087974750728,1.5461625,0.015896895988944917,0.4496832747158455,0.04311511095547888,1559.575375,327.51082875,1.0
