QMean,QDev,PMean,PDev,BarMean,BarDev,etaMean,etaDev,Energy,Resa,Availability
0.9551677083333333,0.09147547200250786,68.4474125,12.794508363415549,1.5403875000000002,0.016533030386169375,0.4611404906788705,0.044903721831862975,1642.7379,344.974959,1.0
