QMean,QDev,PMean,PDev,BarMean,BarDev,etaMean,etaDev,Energy,Resa,Availability
1.50898125,0.5693165561502413,148.83326250000002,83.76834779563875,1.4433145833333334,0.07980684361210126,0.6151418677471052,0.22620063985642463,3571.9983,750.119643,1.0
