QMean,QDev,PMean,PDev,BarMean,BarDev,etaMean,etaDev,Energy,Resa,Availability
0.8562625,0.23264215244394126,54.611641666666664,34.83159239127327,1.5382385416666668,0.019313565881005263,0.3845725104183814,0.12048759639115846,1310.6794,275.24267399999997,1.0
