QMean,QDev,PMean,PDev,BarMean,BarDev,etaMean,etaDev,Energy,Resa,Availability
1.0027260416666666,0.10408807292864185,75.24613854166667,14.734893474337609,1.5345552083333331,0.01708387318125674,0.48448852410566134,0.04779499149741732,1805.9073250000001,379.24053825,1.0
