QMean,QDev,PMean,PDev,BarMean,BarDev,etaMean,etaDev,Energy,Resa,Availability
1.0074302083333333,0.10258944889683634,76.04208020833333,14.43978139245175,1.5354177083333334,0.017610679730822337,0.48731891101645636,0.04660561084945302,1825.0099249999998,383.25208424999994,1.0
