QMean,QDev,PMean,PDev,BarMean,BarDev,etaMean,etaDev,Energy,Resa,Availability
0.26462395833333335,0.5305218668413505,20.746932291666667,54.49007331720402,0.3923208333333333,0.6041135837456166,0.5076891898399936,0.2340986481049569,497.926375,104.56453875,0.2604166666666667
