QMean,QDev,PMean,PDev,BarMean,BarDev,etaMean,etaDev,Energy,Resa,Availability
0.9629351325301205,0.9144260492523425,101.99918959036145,103.76124440501493,0.8007956144578311,0.6753801861905925,0.7168117710596327,0.1923863598953313,53273.043398717,11187.33911373057,0.552289156626506
