QMean,QDev,PMean,PDev,BarMean,BarDev,etaMean,etaDev,Energy,Resa,Availability
0.09656689976689978,0.22374083742345294,3.5390393939393947,9.034553824488825,0.2852551282051282,0.5387806407626836,0.24695297735192948,0.036449207603070494,1307.1343694865323,274.4982175921718,0.1445221445221445
