QMean,QDev,PMean,PDev,BarMean,BarDev,etaMean,etaDev,Energy,Resa,Availability
1.9214050158027811,0.0857198357569301,200.3115929835651,6.721256847398819,2.455652553902741,3.197503080626513,0.654611191346618,0.17802194045774916,79226.85176209554,16637.638870040064,0.9993678887484198
