QMean,QDev,PMean,PDev,BarMean,BarDev,etaMean,etaDev,Energy,Resa,Availability
1.916300182481752,0.11194791778138233,186.77446806569344,49.96306845409203,1.4631540145985402,0.07916099691633569,0.6634463426468467,0.17377315561099052,51144.2450632421,10740.29146328084,0.9333941605839416
