QMean,QDev,PMean,PDev,BarMean,BarDev,etaMean,etaDev,Energy,Resa,Availability
1.0963051724137929,0.3975686499868607,91.76658666061705,53.11838905767969,1.466926950998185,0.26686096567238254,0.5217461288492204,0.1316979341666203,25297.677305510057,5312.512234157111,0.9673321234119783
