QMean,QDev,PMean,PDev,BarMean,BarDev,etaMean,etaDev,Energy,Resa,Availability
1.0332042652027025,0.8964532046362403,108.34538530405405,102.47156899277638,0.8812055743243244,0.6679096701670898,0.6995310184118128,0.19869870531433678,64125.45022575924,13466.34454740944,0.6076858108108109
