QMean,QDev,PMean,PDev,BarMean,BarDev,etaMean,etaDev,Energy,Resa,Availability
1.0849809484193014,0.383489161233352,89.87925648918468,51.38473612517054,1.4729411813643927,0.2563461905196671,0.5167235944542347,0.12768712554636677,27000.527576075427,5670.110790975839,0.9700499168053245
