QMean,QDev,PMean,PDev,BarMean,BarDev,etaMean,etaDev,Energy,Resa,Availability
1.2069621768707484,0.4395259895243625,109.24931115646257,56.34847212627258,1.429851836734694,0.3201528924608494,0.5794296568086537,0.11946988656063673,20066.913473219047,4214.051829376,0.9510204081632653
