QMean,QDev,PMean,PDev,BarMean,BarDev,etaMean,etaDev,Energy,Resa,Availability
1.0742873239436619,0.9339609643393776,112.98021380281689,100.59249403656686,0.833924366197183,0.67797676067246,0.741404262515038,0.0758792282581344,20001.012783083566,4200.212684447549,0.5802816901408451
