QMean,QDev,PMean,PDev,BarMean,BarDev,etaMean,etaDev,Energy,Resa,Availability
1.0578638983693591,0.8617179297058937,108.5484453545696,98.65309943779725,0.9426635191505498,0.6589898711519226,0.6766747751027086,0.19662955931124024,71567.94992475331,15029.269484198194,0.6477057262040197
