QMean,QDev,PMean,PDev,BarMean,BarDev,etaMean,etaDev,Energy,Resa,Availability
1.9357837393767705,0.019008225494295636,200.555932407932,3.3381613663053553,1.4530656657223795,0.007212348528671041,0.7127410082445116,0.008421033193877476,99583.26273809742,20912.485175000456,1.0
