QMean,QDev,PMean,PDev,BarMean,BarDev,etaMean,etaDev,Energy,Resa,Availability
1.0004222160356346,0.3427521315748424,76.76696035634744,46.95055021482173,1.495540478841871,0.212391638199992,0.47148719275350287,0.12920415911481514,34455.12289933853,7235.575808861091,0.9799554565701559
