QMean,QDev,PMean,PDev,BarMean,BarDev,etaMean,etaDev,Energy,Resa,Availability
1.8002789915966386,0.022026754504218843,160.89069651860746,5.887577213471236,1.4896569027611046,0.009568369184269954,0.5996406014101764,0.017915025022321424,33480.05788157803,7030.812155131386,1.0
