QMean,QDev,PMean,PDev,BarMean,BarDev,etaMean,etaDev,Energy,Resa,Availability
1.5693077679449359,0.5128384682162912,167.4347614552606,71.84729701350068,1.373245034414946,0.2877613374188775,0.7238540415873305,0.19473206058998027,42539.26615947483,8933.245893489713,0.9577187807276303
