QMean,QDev,PMean,PDev,BarMean,BarDev,etaMean,etaDev,Energy,Resa,Availability
0.9966889767441861,0.9157129506637828,105.88206376744186,103.96139465674784,0.821891023255814,0.6727102439841975,0.7211439585400471,0.18700298814480662,56896.75637438818,11948.318838621517,0.567906976744186
