QMean,QDev,PMean,PDev,BarMean,BarDev,etaMean,etaDev,Energy,Resa,Availability
0.9615223938223939,0.914333213146394,101.83576428571429,103.74734370112854,0.7999121138996137,0.6754694146791252,0.7166280451823623,0.19261182402701862,52936.49329269841,11116.663591466666,0.5516409266409267
