QMean,QDev,PMean,PDev,BarMean,BarDev,etaMean,etaDev,Energy,Resa,Availability
1.2175122019635343,0.44205399805944595,110.87558288920057,56.430189417062905,1.4260594670406734,0.32430923488197183,0.5846057883354233,0.1178170660405656,19753.932634043245,4148.325853149081,0.9495091164095372
