QMean,QDev,PMean,PDev,BarMean,BarDev,etaMean,etaDev,Energy,Resa,Availability
1.2964715083798883,0.48040070191703543,123.70337988826815,59.10990949996053,1.3890476722532588,0.36605676249704,0.6240082016644998,0.10943007616153363,16817.818116309743,3531.7418044250458,0.9329608938547486
