QMean,QDev,PMean,PDev,BarMean,BarDev,etaMean,etaDev,Energy,Resa,Availability
1.0385320804195803,0.9103692177392699,110.09411341783218,103.58384554966027,0.8582231643356644,0.6678715042668502,0.7175984689206656,0.18745335427584614,62970.25481631392,13223.753511425923,0.5939685314685315
