QMean,QDev,PMean,PDev,BarMean,BarDev,etaMean,etaDev,Energy,Resa,Availability
0.006372204847537139,0.011266708273078555,0.005891047693510555,0.29789135698252717,0.05921239249413605,0.030404153205080976,,,3.7671842694162105,0.7911086965774042,0.00039093041438623924
