QMean,QDev,PMean,PDev,BarMean,BarDev,etaMean,etaDev,Energy,Resa,Availability
0.6221593984962406,0.5383731741131338,44.157432769423565,47.9294955630946,0.95543007518797,0.7293934395419672,0.4373673038030189,0.1232991257032252,17617.3560265279,3699.644765570859,0.6171679197994987
