QMean,QDev,PMean,PDev,BarMean,BarDev,etaMean,etaDev,Energy,Resa,Availability
1.2065822010869565,0.4393480839934803,109.1906964673913,56.332596905764774,1.430028125,0.31997101921207616,0.5792544345012488,0.1194741191296387,20067.49082726344,4214.173073725322,0.9510869565217391
