QMean,QDev,PMean,PDev,BarMean,BarDev,etaMean,etaDev,Energy,Resa,Availability
1.03761887532694,0.909352770783582,109.88884694856146,103.52592705012201,0.8600624237140366,0.6679638529056388,0.7156984203200792,0.18916511619785037,63013.744653791844,13232.886377296287,0.5950305143853531
