QMean,QDev,PMean,PDev,BarMean,BarDev,etaMean,etaDev,Energy,Resa,Availability
1.2035349462365592,0.4379561277731245,108.69747392473118,56.2284659276333,1.431136559139785,0.31842535473761097,0.5777597812264225,0.11961639758153622,20207.615246176447,4243.599201697054,0.9516129032258065
