QMean,QDev,PMean,PDev,BarMean,BarDev,etaMean,etaDev,Energy,Resa,Availability
1.2513966929133857,0.4560259413519297,116.27696787401577,57.35889506850462,1.4116138582677167,0.3408152951126923,0.6013416745550454,0.114031515650667,18445.11231132835,3873.4735853789534,0.9433070866141732
