QMean,QDev,PMean,PDev,BarMean,BarDev,etaMean,etaDev,Energy,Resa,Availability
0.8930886917960088,0.7438514744405198,78.68945126385809,80.11521111581594,1.021229312638581,0.6925719723555323,0.5368834148705725,0.16723905255455648,44343.34187438019,9312.101793619839,0.6722838137472283
