QMean,QDev,PMean,PDev,BarMean,BarDev,etaMean,etaDev,Energy,Resa,Availability
0.006371807887543928,0.011260114105629673,0.005884146817649356,0.2977168964896547,0.059212612260835615,0.03038635392300429,,,3.7660190463035272,0.7908639997237407,0.0003904724716907458
