QMean,QDev,PMean,PDev,BarMean,BarDev,etaMean,etaDev,Energy,Resa,Availability
1.9173300045413262,0.1022259155495719,200.13425476839237,8.014435922799603,2.891683196915795,3.749854951992715,0.6289580263022921,0.20835182687946927,55098.516937497734,11570.688556874524,0.9990917347865577
