QMean,QDev,PMean,PDev,BarMean,BarDev,etaMean,etaDev,Energy,Resa,Availability
0.6179703173615432,0.5388949611704918,43.85517280647169,47.903731610191734,0.9490960796515245,0.7308858308931955,0.4373673038030189,0.1232991257032252,17612.736860769328,3698.6747407615585,0.6129433727442439
