QMean,QDev,PMean,PDev,BarMean,BarDev,etaMean,etaDev,Energy,Resa,Availability
0.07966634980988595,0.2051624265383454,2.8864028517110265,8.273738850763797,0.24452395437262356,0.4940553299631239,0.24695297735192948,0.036449207603070494,1206.476303086713,253.3600236482097,0.11787072243346007
