QMean,QDev,PMean,PDev,BarMean,BarDev,etaMean,etaDev,Energy,Resa,Availability
1.5107583652618133,0.5856100965853476,153.4298460621541,89.21771334573192,1.5013581098339719,0.08251051363793034,0.6084479818818865,0.22606035022101734,104856.34348537041,22019.832131927786,0.9991485738612176
