QMean,QDev,PMean,PDev,BarMean,BarDev,etaMean,etaDev,Energy,Resa,Availability
1.0956681981981982,0.3962809442800098,91.64267342342342,52.95754335281708,1.4673200900900902,0.2659394830265418,0.5214574819043171,0.13129402882290017,25513.778494448194,5357.89348383412,0.9675675675675676
