QMean,QDev,PMean,PDev,BarMean,BarDev,etaMean,etaDev,Energy,Resa,Availability
1.0032736072031514,0.3433885852821402,77.19473421496905,47.00639454458443,1.4950078784468204,0.21345473129616743,0.47314919470100936,0.12880837016859303,34287.88529800697,7200.455912581464,0.979741136747327
