QMean,QDev,PMean,PDev,BarMean,BarDev,etaMean,etaDev,Energy,Resa,Availability
0.006371567862714509,0.011253527048030124,0.005877262090483619,0.2975427421572312,0.0592138065522621,0.030368594650532994,,,3.766707887480499,0.7910086563709048,0.000390015600624025
