QMean,QDev,PMean,PDev,BarMean,BarDev,etaMean,etaDev,Energy,Resa,Availability
1.8003487951807227,0.022035125677169427,160.91612674698794,5.882960429787135,1.4896496385542168,0.009583855330809566,0.5997154500312794,0.01790376895484935,33429.52075105301,7020.1993577211315,1.0
