QMean,QDev,PMean,PDev,BarMean,BarDev,etaMean,etaDev,Energy,Resa,Availability
0.07835969230769231,0.2758864814596993,5.104700307692309,25.252932815198985,0.15051353846153845,0.37792169298955924,0.4517832310853045,0.20156770224883933,413.28504474461556,86.78985939636927,0.08307692307692308
