QMean,QDev,PMean,PDev,BarMean,BarDev,etaMean,etaDev,Energy,Resa,Availability
1.0969317474839888,0.39900857423523084,91.87565315645013,53.302772402163605,1.4662969807868254,0.2678635907301061,0.52198625856724,0.13214892440734527,25087.310640752614,5268.335234558049,0.9670631290027447
