QMean,QDev,PMean,PDev,BarMean,BarDev,etaMean,etaDev,Energy,Resa,Availability
1.0811258381030253,0.381556337382171,89.27377882256745,51.18310017743738,1.4740878986099752,0.25429636864856936,0.5147510181588876,0.1276422933598856,27278.272672576655,5728.437261241097,0.9705641864268193
