QMean,QDev,PMean,PDev,BarMean,BarDev,etaMean,etaDev,Energy,Resa,Availability
1.2964715083798883,0.48040070191703543,123.70337988826815,59.10990949996053,1.3890476722532588,0.36605676249704,0.6240082016644998,0.10943007616153363,16628.929927630354,3492.075284802374,0.9329608938547486
