QMean,QDev,PMean,PDev,BarMean,BarDev,etaMean,etaDev,Energy,Resa,Availability
1.2466987558320375,0.4551097105935266,115.53370715396578,57.38443904915893,1.4132031104199065,0.3389854815376024,0.5989496310376164,0.11515022264466863,18551.375728498013,3895.7889029845824,0.9440124416796267
