QMean,QDev,PMean,PDev,BarMean,BarDev,etaMean,etaDev,Energy,Resa,Availability
1.6517605884975481,0.5961164187673752,174.38672403031654,63.755045253738814,1.2892664734730273,0.4485511674255715,0.727274703433006,0.02330682616781186,97854.93035556175,20549.53537466797,0.8872046366473473
