QMean,QDev,PMean,PDev,BarMean,BarDev,etaMean,etaDev,Energy,Resa,Availability
0.09550365853658536,0.3275028675894274,6.995014634146341,31.92153276285125,0.16205396341463413,0.39490064385979,0.4969059604227197,0.2168912726339763,570.6630091517615,119.8392319218699,0.09146341463414634
