QMean,QDev,PMean,PDev,BarMean,BarDev,etaMean,etaDev,Energy,Resa,Availability
1.566753617443013,0.5140614554597454,167.10919286422202,72.03809206449691,1.3725974231912785,0.2888074546142009,0.7235723930402039,0.1955241357888236,42124.88533721309,8846.225920814748,0.9573835480673935
