QMean,QDev,PMean,PDev,BarMean,BarDev,etaMean,etaDev,Energy,Resa,Availability
0.6175924129353234,0.5389403267645531,43.82789968905473,47.90131241853261,0.9485238184079602,0.7310185720011114,0.4373673038030189,0.1232991257032252,17612.07104821452,3698.5349201250488,0.6125621890547264
