QMean,QDev,PMean,PDev,BarMean,BarDev,etaMean,etaDev,Energy,Resa,Availability
1.92140078115117,0.08574677542187083,200.31131290322583,6.7233729170685885,2.4562834554166706,3.1984148379499175,0.6545735773507021,0.178072060718534,79204.81802490771,16633.011785230618,0.9993674889310563
