QMean,QDev,PMean,PDev,BarMean,BarDev,etaMean,etaDev,Energy,Resa,Availability
1.880531029870709,0.3444285141310954,195.47208337048596,36.24645153314381,1.4047414177440927,0.25381977923506466,0.7159856748400206,0.011355091160114203,109715.76550580696,23040.31075621946,0.9679001337494427
