QMean,QDev,PMean,PDev,BarMean,BarDev,etaMean,etaDev,Energy,Resa,Availability
0.09571986143187067,0.22287768784576154,3.506346189376443,8.999098393846966,0.283221247113164,0.5366997591226631,0.24695297735192948,0.036449207603070494,1302.4303440737747,273.51037225549265,0.14318706697459585
