QMean,QDev,PMean,PDev,BarMean,BarDev,etaMean,etaDev,Energy,Resa,Availability
1.9327069767441858,0.01521219261113331,199.9550833333333,2.73426443994572,1.4480038759689922,0.003957088685932789,0.7142133018189605,0.005945477932882684,25778.042714097217,5413.388969960415,1.0
