QMean,QDev,PMean,PDev,BarMean,BarDev,etaMean,etaDev,Energy,Resa,Availability
0.8551010288582184,0.7233954919253802,80.01692554579674,82.81061900739982,1.0131278544542033,0.6837281195567145,0.5760803965845724,0.21191483479459203,79703.25919765721,16737.684431508016,0.6567126725219573
