QMean,QDev,PMean,PDev,BarMean,BarDev,etaMean,etaDev,Energy,Resa,Availability
1.0116586216040344,0.8546460935226506,96.76692451927771,90.66744622845141,0.9544144342527617,0.6929651844999942,0.6092476882865008,0.1681842790971311,818453.3035989881,171875.1937557875,0.6350414836505612
