QMean,QDev,PMean,PDev,BarMean,BarDev,etaMean,etaDev,Energy,Resa,Availability
1.4166622229360744,0.6574137309435548,139.92758644394473,81.44175511166357,1.3569623152907162,0.4239693146812805,0.6241037028038355,0.1729399176868148,871884.1657481121,183095.67480710355,0.9055171859942178
