QMean,QDev,PMean,PDev,BarMean,BarDev,etaMean,etaDev,Energy,Resa,Availability
0.9801355366508688,0.8607527403729518,93.87345748183256,90.89158574774638,0.9223822062743213,0.7001330357598592,0.611269115192141,0.16645500378651584,747172.3035551135,156906.18374657384,0.6127646129541864
