QMean,QDev,PMean,PDev,BarMean,BarDev,etaMean,etaDev,Energy,Resa,Availability
0.519107067205854,0.8132149362866962,54.05309385711534,89.85024365937998,0.4657941074523396,0.6299090879357628,0.7004770822018481,0.1914674415390973,72207.44103370758,15163.56261707859,0.3046408626997882
