QMean,QDev,PMean,PDev,BarMean,BarDev,etaMean,etaDev,Energy,Resa,Availability
1.3827865568083262,0.6473892678865403,135.97185337482782,81.9184067104211,1.3750487015968573,0.4119715502704104,0.612991691536087,0.1808257572313825,666980.8438615794,140065.97721093168,0.9113820723432478
