QMean,QDev,PMean,PDev,BarMean,BarDev,etaMean,etaDev,Energy,Resa,Availability
1.510551490630324,0.585648965400734,153.39705821976153,89.22255955633818,1.5013731260647358,0.08252487306184346,0.6083708958756179,0.22607873526138716,436143.4587245242,91590.12633215007,0.9991482112436116
