QMean,QDev,PMean,PDev,BarMean,BarDev,etaMean,etaDev,Energy,Resa,Availability
0.9302703871652935,0.8509227279104853,91.23591919412978,92.80162002376537,0.9960079492664966,1.3170748907515757,0.6149034789913239,0.1881248544225659,357946.59138703416,75168.78419127717,0.5976441812564367
