QMean,QDev,PMean,PDev,BarMean,BarDev,etaMean,etaDev,Energy,Resa,Availability
0.6751453067814854,0.7367222118942972,60.51624147470398,80.13007774345346,0.809453390742734,0.7171598047160365,0.5412462186772125,0.20714616152731424,142880.72884928863,30004.95305835061,0.5314316469321851
