QMean,QDev,PMean,PDev,BarMean,BarDev,etaMean,etaDev,Energy,Resa,Availability
0.9799509203626484,0.8607756045242351,93.85566493871622,90.89215845189291,0.922218643175258,0.7001673286203843,0.6112691832309013,0.16645506832834414,747175.0937323013,156906.76968378326,0.6126484710639373
