QMean,QDev,PMean,PDev,BarMean,BarDev,etaMean,etaDev,Energy,Resa,Availability
0.645626966124459,0.7835964025934985,62.31112401134158,84.88137956480605,0.6788796895985674,0.7029352974633587,0.6170370210774974,0.18823834147581808,106742.52101241323,22415.929412606776,0.4463512908521116
