QMean,QDev,PMean,PDev,BarMean,BarDev,etaMean,etaDev,Energy,Resa,Availability
0.6465602262578148,0.7828411976228085,62.34744278058947,84.78023567666453,0.6810413069365883,0.703356400790379,0.616302912025046,0.18798182833745705,107138.15741137884,22499.013056389555,0.44775230723429593
