QMean,QDev,PMean,PDev,BarMean,BarDev,etaMean,etaDev,Energy,Resa,Availability
0.6215410218978104,0.7048959653015033,54.31094431218416,75.95406573663543,0.7834534081976418,0.7212777482807647,0.5229955475495953,0.20576450786400385,123012.20694756515,25832.56345898868,0.5111734980348119
