QMean,QDev,PMean,PDev,BarMean,BarDev,etaMean,etaDev,Energy,Resa,Availability
0.4807993165829146,0.8009169744557749,50.60950373869347,88.57549953740204,0.421957728643216,0.6067502991873067,0.7200365903607271,0.1792972497945386,64848.97965241678,13618.285727007524,0.2741708542713568
