QMean,QDev,PMean,PDev,BarMean,BarDev,etaMean,etaDev,Energy,Resa,Availability
0.5134474281243888,0.817704188113583,53.98614815176999,90.43152938534988,0.44901009192255026,0.6202428195917197,0.7169233699019869,0.18044500046390644,71044.01641791438,14919.243447762019,0.29376100136905925
