QMean,QDev,PMean,PDev,BarMean,BarDev,etaMean,etaDev,Energy,Resa,Availability
0.19195119305856834,0.32176435123602853,9.11537906724512,17.46721892011978,0.46300379609544473,0.6637243254155143,0.2996861081269399,0.08845622850506378,2099.0945557046884,440.80985669798457,0.2559652928416486
