QMean,QDev,PMean,PDev,BarMean,BarDev,etaMean,etaDev,Energy,Resa,Availability
1.0180535390131298,0.8535694210053881,97.38159932877117,90.62530502565725,0.9600706271226734,0.691512295938049,0.6092454147997174,0.16818214230541043,818915.654760515,171972.28749970812,0.6390753413444222
