QMean,QDev,PMean,PDev,BarMean,BarDev,etaMean,etaDev,Energy,Resa,Availability
0.6285437849944009,0.8080544567907199,62.616369668852975,87.77189625104153,0.6167332906734923,0.6871356795719542,0.6527022172668328,0.1806783036038434,100221.95237462009,21046.609998670217,0.406494960806271
