QMean,QDev,PMean,PDev,BarMean,BarDev,etaMean,etaDev,Energy,Resa,Availability
0.6513858585858585,0.7773430981059946,62.40793216220174,84.09782742187299,0.695259800907627,0.7060811193960083,0.6102545156513103,0.18737690911212712,108936.63404522245,22876.693149496714,0.456887717757283
