QMean,QDev,PMean,PDev,BarMean,BarDev,etaMean,etaDev,Energy,Resa,Availability
1.5109653191489363,0.5855713971125874,153.46270672340427,89.21294597707421,1.5013425957446809,0.08249638307007821,0.6085255265024488,0.22604236913115014,436387.5332948542,91641.38199191938,0.9991489361702127
