QMean,QDev,PMean,PDev,BarMean,BarDev,etaMean,etaDev,Energy,Resa,Availability
0.6461293889716841,0.7832017791508465,62.332866110283156,84.82857883005795,0.6800392995529061,0.7031761900847062,0.6166623767712658,0.18809599633945445,106942.88811970496,22458.00650513804,0.44709388971684055
