QMean,QDev,PMean,PDev,BarMean,BarDev,etaMean,etaDev,Energy,Resa,Availability
1.4160412562713225,0.6579323654666216,139.8658082600843,81.47681732037175,1.3563765001003414,0.4247912174334842,0.6241037028038355,0.1729399176868148,871863.0344345198,183091.23723124916,0.9051173991571343
