QMean,QDev,PMean,PDev,BarMean,BarDev,etaMean,etaDev,Energy,Resa,Availability
0.9800432134394844,0.8607641857072522,93.86456036710582,90.89187256278305,0.9223003774758124,0.7001502374623447,0.6112691492178622,0.16645503606296785,747164.5339445504,156904.55212835557,0.6127065365052285
