QMean,QDev,PMean,PDev,BarMean,BarDev,etaMean,etaDev,Energy,Resa,Availability
0.45860932653061226,0.7865258334488471,48.11921681632653,86.91562532724909,0.40690304081632656,0.5989546103488146,0.7161073685521975,0.18382836251174478,60932.82959654965,12795.894215275426,0.2630612244897959
