QMean,QDev,PMean,PDev,BarMean,BarDev,etaMean,etaDev,Energy,Resa,Availability
1.4126819540779718,0.6616014293668161,139.5594688950012,81.69333658918849,1.3520773459300008,0.4304535447073792,0.6244197306792281,0.17270540821232658,875916.0866961984,183942.37820620165,0.9022961014111457
