QMean,QDev,PMean,PDev,BarMean,BarDev,etaMean,etaDev,Energy,Resa,Availability
0.6507411160058738,0.7784312838416538,62.43195585903084,84.22236367104023,0.6926557268722466,0.7056068002972996,0.6116581767183097,0.18718230191752888,108658.34488247328,22818.252425319388,0.4552129221732746
