QMean,QDev,PMean,PDev,BarMean,BarDev,etaMean,etaDev,Energy,Resa,Availability
0.8571773603806663,0.7241547531015825,80.27433636363637,82.92686827846534,1.0140129977460557,0.6833284875278666,0.5766418826770565,0.21182610026528717,80118.98322434597,16824.986477112652,0.6574004507888805
