QMean,QDev,PMean,PDev,BarMean,BarDev,etaMean,etaDev,Energy,Resa,Availability
1.4159848370524961,0.6579794311332893,139.86019476641516,81.48000018953208,1.356323222026007,0.4248659302940921,0.6241037028038355,0.1729399176868148,871866.9312438597,183092.05556121052,0.905081072403275
