QMean,QDev,PMean,PDev,BarMean,BarDev,etaMean,etaDev,Energy,Resa,Availability
0.9602544352522477,0.855261243365439,94.51708365384616,93.28737878818944,1.0098414362521075,1.2996773435214801,0.6197641057703487,0.18464793662442083,382171.18994307076,80255.94988804485,0.6097027972027972
