QMean,QDev,PMean,PDev,BarMean,BarDev,etaMean,etaDev,Energy,Resa,Availability
0.6329051079930632,0.8030465481182667,62.655682926060216,87.14583298969346,0.6302146145357087,0.6911294275559435,0.6455570922399363,0.18151522183899801,101732.77925338545,21363.883643210946,0.41510326344001264
