QMean,QDev,PMean,PDev,BarMean,BarDev,etaMean,etaDev,Energy,Resa,Availability
0.9298799433391283,0.8508754111678962,90.25808016869486,92.67689887323003,0.8945884424698989,0.6994495909304312,0.6189799504780226,0.1845519884830415,353976.7462612368,74335.11671485972,0.5928787586118086
