QMean,QDev,PMean,PDev,BarMean,BarDev,etaMean,etaDev,Energy,Resa,Availability
0.6329515132408575,0.8029917591184145,62.656227254098354,87.13897513644656,0.6303611128625473,0.6911734401751969,0.6454845507675104,0.18151798854418266,101740.17235376581,21365.436194290818,0.4151954602774275
