QMean,QDev,PMean,PDev,BarMean,BarDev,etaMean,etaDev,Energy,Resa,Availability
0.5563314536799706,0.8142532547292048,56.82498982057855,89.27478029665538,0.5159241486634932,0.6526569454644446,0.6791906727379138,0.19076375180855337,79743.53422197852,16746.14218661549,0.3388868546320029
