QMean,QDev,PMean,PDev,BarMean,BarDev,etaMean,etaDev,Energy,Resa,Availability
1.4200799827876227,0.6606999453433875,140.5048727731487,81.50076867265246,1.3524154129014592,0.4290323418338626,0.626295802732563,0.17152503033653835,898602.1922677038,188706.4603762178,0.9029456636545007
