QMean,QDev,PMean,PDev,BarMean,BarDev,etaMean,etaDev,Energy,Resa,Availability
0.6333170497481108,0.8025519606093321,62.657064499370286,87.08410133047438,0.6314980793450882,0.6914797862039633,0.6448762069042311,0.18157114062492533,101874.55628802962,21393.65682048622,0.41593198992443325
