QMean,QDev,PMean,PDev,BarMean,BarDev,etaMean,etaDev,Energy,Resa,Availability
0.9603148613972655,0.8552687328926044,94.5237164387838,93.28824317832475,1.0098694287490875,1.2996418115694077,0.6197738123103931,0.18464090008837084,382208.3540984358,80263.7543606715,0.6097271648873073
