QMean,QDev,PMean,PDev,BarMean,BarDev,etaMean,etaDev,Energy,Resa,Availability
0.6222302847843776,0.8134326253473583,62.417488706265246,88.49071878043947,0.6008834499593166,0.6822611987746595,0.6602936622704724,0.18060321468560508,98271.70667093557,20637.05840089647,0.39625711960943855
