QMean,QDev,PMean,PDev,BarMean,BarDev,etaMean,etaDev,Energy,Resa,Availability
0.6219893466546925,0.7052004032028631,54.3639757858105,75.9962182863437,0.7836651773686574,0.7212485740817483,0.523158247697388,0.20579274466757788,123166.01176633847,25864.86247093108,0.5113381230354738
