QMean,QDev,PMean,PDev,BarMean,BarDev,etaMean,etaDev,Energy,Resa,Availability
0.8080409734384122,0.8235311949908959,77.77616477670753,89.73084614086838,0.82411768096906,0.7094793184185931,0.6051806045224212,0.19124358109100084,269505.1051739484,56596.07208652916,0.5480881494454174
