QMean,QDev,PMean,PDev,BarMean,BarDev,etaMean,etaDev,Energy,Resa,Availability
1.017788213525811,0.8536150839485198,97.35609758420898,90.62713667177184,0.9598361464861533,0.6915733152056938,0.609245508455168,0.168182230245934,818905.8929379737,171970.23751697448,0.6389079838947265
