QMean,QDev,PMean,PDev,BarMean,BarDev,etaMean,etaDev,Energy,Resa,Availability
1.4164543985034537,0.6418434692242599,139.91977458749042,80.97333133482185,1.3793612336914811,0.3998309707503845,0.6198669023284844,0.17667184343542497,729950.1538411584,153289.53230664326,0.9166826554105909
