QMean,QDev,PMean,PDev,BarMean,BarDev,etaMean,etaDev,Energy,Resa,Availability
1.375444569366731,0.6440648516224202,134.95380618626785,81.81678689472153,1.3787666945562935,0.40847973226805706,0.6102406945118606,0.18202357517909795,653248.7721765196,137182.24215706912,0.9129320713277206
