QMean,QDev,PMean,PDev,BarMean,BarDev,etaMean,etaDev,Energy,Resa,Availability
1.0473117140471329,0.8529746859845899,100.37398681759142,90.99497608434764,0.9804406494463543,0.6855612412920786,0.6099838108264524,0.16929021909404904,680946.3554009948,142998.7346342089,0.6546669140842457
