QMean,QDev,PMean,PDev,BarMean,BarDev,etaMean,etaDev,Energy,Resa,Availability
1.0472300213421424,0.8529870384098581,100.36803169029768,90.99829195619412,0.9803837012680902,0.6855781696695031,0.6099891397179839,0.16930422168133547,680871.1331388984,142982.93795916866,0.6546284611387425
