QMean,QDev,PMean,PDev,BarMean,BarDev,etaMean,etaDev,Energy,Resa,Availability
0.6648906025727827,0.7498166825107347,61.516830846310086,81.06799964389572,0.7587189167230873,0.714722039401998,0.5758419612905549,0.1929194522281236,115908.40640781204,24340.765345640528,0.4976303317535545
