QMean,QDev,PMean,PDev,BarMean,BarDev,etaMean,etaDev,Energy,Resa,Availability
0.4577026138452113,0.7859128813481354,48.01706097610782,86.84416322863638,0.4062879109658975,0.5986220607905862,0.7159418976723624,0.18401714783160103,60685.01536933204,12743.853227559728,0.26260976107821116
