QMean,QDev,PMean,PDev,BarMean,BarDev,etaMean,etaDev,Energy,Resa,Availability
0.6650672879524581,0.7488702353220589,61.453297393300915,80.97512270654512,0.7607375607779578,0.7149134549051158,0.5745100968121765,0.19333460681055575,116074.6780821451,24375.682397250468,0.49891950297136684
