QMean,QDev,PMean,PDev,BarMean,BarDev,etaMean,etaDev,Energy,Resa,Availability
0.6320971523493119,0.8043248762497301,62.67695676317039,87.29635193560455,0.6270037335864579,0.6901807547684812,0.6474794315847499,0.181082158063189,101421.53586881523,21298.5225324512,0.4130675526024363
