QMean,QDev,PMean,PDev,BarMean,BarDev,etaMean,etaDev,Energy,Resa,Availability
0.6282295050456511,0.8085242548227854,62.624159490629495,87.82783651214713,0.6155510171391959,0.6867810536945279,0.6534467001452867,0.18048651719611636,100112.91227330461,21023.711577393966,0.40573442255325964
