EI,PMean,PDev,TModMean,TModDev,Energy,etaMean,etaDev,Resa,Availability
497762.1034658372,2769.3518268512444,5029.92784709624,13.933364389799632,18.075680867825273,9149968.437227968,459.5552962709603,,0.0,0.9997304582210242
